{
  "listId": "7c249503-4785-4455-9636-5ab17ea80b9d",
  "name": "MSX-VPNList-527cbf",
  "type": "vpn",
  "description": "",
  "entries": [
    {
      "vpn": "1-511"
    }
  ],
  "lastUpdated": 1654107668162,
  "owner": "admin",
  "readOnly": false,
  "version": "0",
  "infoTag": "",
  "referenceCount": 1,
  "references": [
    {
      "id": "18200495-5b79-4dbe-bf2c-f42736ff8229",
      "type": ""
    }
  ],
  "activatedId": [
    "18200495-5b79-4dbe-bf2c-f42736ff8229"
  ],
  "isActivatedByVsmart": true
}