{
  "templateId": "43ab02d7-409d-4599-83c5-f339a14ea2a1",
  "templateName": "Branch_Dual_Router-MPLS-CELL_TLOC-INET",
  "templateDescription": "Branch with Dual router and Dual Transport in MPLS and Cellular",
  "deviceType": "vedge-C8000V",
  "deviceRole": "sdwan-edge",
  "configType": "template",
  "factoryDefault": false,
  "policyId": "",
  "featureTemplateUidRange": [],
  "draftMode": false,
  "connectionPreferenceRequired": true,
  "connectionPreference": true,
  "generalTemplates": [
    {
      "templateId": "00e457b6-b976-419b-a8e3-6b03f2638c0b",
      "templateType": "cedge_aaa"
    },
    {
      "templateId": "bdb1e013-5568-47eb-be74-0d48249f2ab9",
      "templateType": "cisco_bfd"
    },
    {
      "templateId": "c86ca302-6d1a-4d72-9712-3cea943123fe",
      "templateType": "cisco_omp"
    },
    {
      "templateId": "5814b688-d511-4134-bd62-925d57c9e443",
      "templateType": "cisco_security"
    },
    {
      "templateId": "91dd2997-e704-42ad-ae7c-ce43a01923a3",
      "templateType": "cisco_system",
      "subTemplates": [
        {
          "templateId": "33905513-3749-4c7c-b042-14fdca1606bd",
          "templateType": "cisco_logging"
        }
      ]
    },
    {
      "templateId": "0a447a40-b67e-4d72-8d27-00ff5fba2591",
      "templateType": "cisco_vpn",
      "subTemplates": [
        {
          "templateId": "0b4cc1bd-49aa-4846-aef2-83bc053a5663",
          "templateType": "cisco_vpn_interface"
        },
        {
          "templateId": "a0c6bb26-e3a1-48ec-afac-951796589050",
          "templateType": "cisco_vpn_interface"
        },
        {
          "templateId": "14ba8e76-034f-4978-b85e-462fbf76a4aa",
          "templateType": "cisco_vpn_interface"
        },
        {
          "templateId": "e1df9e8d-9346-4a1f-ba40-c2ceb7ad39e7",
          "templateType": "cisco_vpn_interface"
        },
        {
          "templateId": "a9b41dbd-5b3e-4011-a411-bff527737c2b",
          "templateType": "cisco_vpn_interface"
        },
        {
          "templateId": "c3decbaf-6afc-42dd-9a06-a6ce19c85b5b",
          "templateType": "cisco_vpn_interface"
        },
        {
          "templateId": "4f7cc04b-cd4c-47aa-a808-ccc093b9e2bc",
          "templateType": "cisco_vpn_interface"
        }
      ]
    },
    {
      "templateId": "91655473-ba64-471d-bbd0-82ef783d46f2",
      "templateType": "cisco_vpn"
    },
    {
      "templateId": "b2d0db47-f83f-4642-9ba9-bb113b0c78f9",
      "templateType": "cisco_vpn",
      "subTemplates": [
        {
          "templateId": "d6384f4d-4c9a-4b39-8f30-38e6994c9a92",
          "templateType": "cisco_bgp"
        },
        {
          "templateId": "98905490-e746-4690-ab6a-9389e6da9408",
          "templateType": "cisco_vpn_interface"
        },
        {
          "templateId": "924e09d0-7d39-4cf3-ac55-8d3e6fb2fdfc",
          "templateType": "cisco_vpn_interface"
        },
        {
          "templateId": "5a0990bb-6a14-4230-9be6-118463ae6c87",
          "templateType": "cisco_vpn_interface"
        }
      ]
    },
    {
      "templateId": "62b2f9fb-3643-4fd3-bc9b-2f0d52dc1228",
      "templateType": "cisco_vpn",
      "subTemplates": [
        {
          "templateId": "7d366ddc-2864-4b8a-9bf5-5358df148a41",
          "templateType": "cisco_bgp"
        },
        {
          "templateId": "baecd71a-973b-4ab8-88ac-04fb9bf92609",
          "templateType": "cisco_vpn_interface"
        },
        {
          "templateId": "72a8bcc3-204f-4f12-a391-e3b348ee74a3",
          "templateType": "cisco_vpn_interface"
        }
      ]
    },
    {
      "templateId": "30e27ed6-3bb4-4ecf-b896-eaca2b888f49",
      "templateType": "cisco_vpn",
      "subTemplates": [
        {
          "templateId": "ff64e232-3a37-412b-9a05-8864b993c28a",
          "templateType": "cisco_bgp"
        },
        {
          "templateId": "997b2551-b9ed-421d-8343-ed72785b2fc3",
          "templateType": "cisco_vpn_interface"
        },
        {
          "templateId": "6aa61bfc-9d24-4a2e-aae0-ff60a56cfaa4",
          "templateType": "cisco_vpn_interface"
        }
      ]
    },
    {
      "templateId": "6eb83ef5-02a7-4536-bb06-8f5a789bc049",
      "templateType": "cedge_global"
    },
    {
      "templateId": "76b27aaf-d3e8-4cb9-aea4-a3c35f4ba278",
      "templateType": "cisco_banner"
    }
  ],
  "templateClass": "cedge"
}