{
  "templateId": "bc6f546b-a8cf-43c4-b41b-bfa82566e41d",
  "templateName": "DC_Single_Router",
  "templateDescription": "Head End Data Center single router",
  "deviceType": "vedge-C8000V",
  "deviceRole": "sdwan-edge",
  "configType": "template",
  "factoryDefault": false,
  "policyId": "",
  "featureTemplateUidRange": [],
  "draftMode": false,
  "connectionPreferenceRequired": true,
  "connectionPreference": true,
  "generalTemplates": [
    {
      "templateId": "00e457b6-b976-419b-a8e3-6b03f2638c0b",
      "templateType": "cedge_aaa"
    },
    {
      "templateId": "bdb1e013-5568-47eb-be74-0d48249f2ab9",
      "templateType": "cisco_bfd"
    },
    {
      "templateId": "c86ca302-6d1a-4d72-9712-3cea943123fe",
      "templateType": "cisco_omp"
    },
    {
      "templateId": "5814b688-d511-4134-bd62-925d57c9e443",
      "templateType": "cisco_security"
    },
    {
      "templateId": "91dd2997-e704-42ad-ae7c-ce43a01923a3",
      "templateType": "cisco_system",
      "subTemplates": [
        {
          "templateId": "33905513-3749-4c7c-b042-14fdca1606bd",
          "templateType": "cisco_logging"
        }
      ]
    },
    {
      "templateId": "1a516f18-ac4f-43bb-8ccc-567a2e5fe0e2",
      "templateType": "cisco_vpn",
      "subTemplates": [
        {
          "templateId": "909cbded-6106-4a09-a3c0-528b36a5f32a",
          "templateType": "cisco_vpn_interface"
        },
        {
          "templateId": "122f111d-b319-4f7c-ab0e-454397354d81",
          "templateType": "cisco_vpn_interface"
        },
        {
          "templateId": "7af44858-0e7d-49a3-a0a1-eed2d8911be3",
          "templateType": "cisco_vpn_interface"
        },
        {
          "templateId": "c3decbaf-6afc-42dd-9a06-a6ce19c85b5b",
          "templateType": "cisco_vpn_interface"
        }
      ]
    },
    {
      "templateId": "91655473-ba64-471d-bbd0-82ef783d46f2",
      "templateType": "cisco_vpn"
    },
    {
      "templateId": "b2d0db47-f83f-4642-9ba9-bb113b0c78f9",
      "templateType": "cisco_vpn",
      "subTemplates": [
        {
          "templateId": "ec5c6e2c-a398-4b07-b75b-1b2fe230e906",
          "templateType": "cisco_bgp"
        },
        {
          "templateId": "924e09d0-7d39-4cf3-ac55-8d3e6fb2fdfc",
          "templateType": "cisco_vpn_interface"
        }
      ]
    },
    {
      "templateId": "62b2f9fb-3643-4fd3-bc9b-2f0d52dc1228",
      "templateType": "cisco_vpn",
      "subTemplates": [
        {
          "templateId": "810c3c65-3faf-4800-a66d-25190a5f4ba9",
          "templateType": "cisco_bgp"
        },
        {
          "templateId": "baecd71a-973b-4ab8-88ac-04fb9bf92609",
          "templateType": "cisco_vpn_interface"
        }
      ]
    },
    {
      "templateId": "30e27ed6-3bb4-4ecf-b896-eaca2b888f49",
      "templateType": "cisco_vpn",
      "subTemplates": [
        {
          "templateId": "70264088-e020-4ae0-adf4-baf149ad4ad6",
          "templateType": "cisco_bgp"
        },
        {
          "templateId": "997b2551-b9ed-421d-8343-ed72785b2fc3",
          "templateType": "cisco_vpn_interface"
        }
      ]
    },
    {
      "templateId": "6eb83ef5-02a7-4536-bb06-8f5a789bc049",
      "templateType": "cedge_global"
    },
    {
      "templateId": "76b27aaf-d3e8-4cb9-aea4-a3c35f4ba278",
      "templateType": "cisco_banner"
    }
  ],
  "templateClass": "cedge"
}