{
  "templateName": "Default_SDBranch_vEdge_cloud_Template_V01",
  "templateDescription": "Default device template for SD Branch vedge cloud",
  "deviceType": "vedge-cloud",
  "configType": "template",
  "factoryDefault": true,
  "policyId": "",
  "featureTemplateUidRange": [],
  "connectionPreference": true,
  "connectionPreferenceRequired": true,
  "generalTemplates": [
    {
      "templateId": "03197be3-caed-4af4-9810-e38190ba56d4",
      "templateType": "aaa"
    },
    {
      "templateId": "4e553e7a-69b8-401f-81cb-a3ecd8589ca5",
      "templateType": "bfd-vedge"
    },
    {
      "templateId": "f15f61e7-261e-433c-90e8-665bf658862b",
      "templateType": "omp-vedge"
    },
    {
      "templateId": "8950bead-d090-4e39-b971-dcf0f743009b",
      "templateType": "security-vedge"
    },
    {
      "templateId": "68c8d052-ca17-43c8-a592-ae52077179c9",
      "templateType": "system-vedge",
      "subTemplates": [
        {
          "templateId": "248b44e7-3a58-4b6f-9d8b-2bf0f96a0e68",
          "templateType": "logging"
        }
      ]
    },
    {
      "templateId": "55f8a0e9-c309-42f8-b9be-c158deaa6902",
      "templateType": "vpn-vedge",
      "subTemplates": [
        {
          "templateId": "d3cd1f63-77c8-4988-8faa-796a3c359ff7",
          "templateType": "vpn-vedge-interface"
        }
      ]
    },
    {
      "templateId": "4b936305-50f9-4d1b-9a1a-b6ad3e3d6aa9",
      "templateType": "vpn-vedge",
      "subTemplates": [
        {
          "templateId": "e427b3a6-a6f7-48c6-83c3-621d6e9d9e80",
          "templateType": "vpn-vedge-interface"
        }
      ]
    },
    {
      "templateId": "48cde7cf-f3e4-4799-90d0-78041d1ebaf6",
      "templateType": "vpn-vedge",
      "subTemplates": [
        {
          "templateId": "3a85cf2f-76fa-4fd3-8dd5-3eeddca491db",
          "templateType": "vpn-vedge-interface"
        }
      ]
    },
    {
      "templateId": "2b60f8c4-2e86-47ba-bc4d-e47d10028c36",
      "templateType": "vpn-vedge",
      "subTemplates": [
        {
          "templateId": "0f26d1b5-143e-40d1-a34b-8d500040a7e8",
          "templateType": "vpn-vedge-interface"
        }
      ]
    }
  ],
  "templateClass": "vedge",
  "templateId": "c3162344-5dc1-4b34-8551-8ad2a3274c55",
  "deviceRole": "sdwan-edge",
  "draftMode": false
}