{
  "templateName": "Default_Azure_vWAN_C8000V_Template_V01",
  "templateDescription": "Default device template for Azure vWAN C8000V",
  "deviceType": "vedge-C8000V",
  "configType": "template",
  "factoryDefault": true,
  "policyId": "",
  "featureTemplateUidRange": [],
  "connectionPreference": true,
  "connectionPreferenceRequired": true,
  "generalTemplates": [
    {
      "templateId": "00e457b6-b976-419b-a8e3-6b03f2638c0b",
      "templateType": "cedge_aaa"
    },
    {
      "templateId": "bdb1e013-5568-47eb-be74-0d48249f2ab9",
      "templateType": "cisco_bfd"
    },
    {
      "templateId": "ffd5e07f-6ecd-47ab-b0da-5e48925c05ec",
      "templateType": "cisco_omp"
    },
    {
      "templateId": "5814b688-d511-4134-bd62-925d57c9e443",
      "templateType": "cisco_security"
    },
    {
      "templateId": "9bf48574-486f-480e-b2f8-676368a9fbcb",
      "templateType": "cisco_system",
      "subTemplates": [
        {
          "templateId": "33905513-3749-4c7c-b042-14fdca1606bd",
          "templateType": "cisco_logging"
        }
      ]
    },
    {
      "templateId": "295ac400-c8e0-4ad7-a14e-695247e7f676",
      "templateType": "cisco_vpn",
      "subTemplates": [
        {
          "templateId": "14819f71-9e67-4666-ba89-733d8d93a56f",
          "templateType": "cisco_vpn_interface"
        },
        {
          "templateId": "c877c160-b575-4f8d-ae36-ecc9f5e0b77c",
          "templateType": "cisco_vpn_interface"
        }
      ]
    },
    {
      "templateId": "29bacfd9-3a40-43e2-9031-a0a889b2b28a",
      "templateType": "cisco_vpn"
    },
    {
      "templateId": "6eb83ef5-02a7-4536-bb06-8f5a789bc049",
      "templateType": "cedge_global"
    }
  ],
  "templateClass": "cedge",
  "templateId": "36571eab-b804-430c-8d5a-7ae52e28edb1",
  "deviceRole": "sdwan-edge",
  "draftMode": false
}