{
  "templateName": "Default_GCP_C8000V_Template_V01",
  "templateDescription": "Default device template for GCP C8000V",
  "deviceType": "vedge-C8000V",
  "configType": "template",
  "factoryDefault": true,
  "policyId": "",
  "featureTemplateUidRange": [],
  "connectionPreference": true,
  "connectionPreferenceRequired": true,
  "generalTemplates": [
    {
      "templateId": "00e457b6-b976-419b-a8e3-6b03f2638c0b",
      "templateType": "cedge_aaa"
    },
    {
      "templateId": "bdb1e013-5568-47eb-be74-0d48249f2ab9",
      "templateType": "cisco_bfd"
    },
    {
      "templateId": "6a4e537f-54ed-4b49-a8da-8073af856308",
      "templateType": "cisco_omp"
    },
    {
      "templateId": "5814b688-d511-4134-bd62-925d57c9e443",
      "templateType": "cisco_security"
    },
    {
      "templateId": "9bf48574-486f-480e-b2f8-676368a9fbcb",
      "templateType": "cisco_system",
      "subTemplates": [
        {
          "templateId": "33905513-3749-4c7c-b042-14fdca1606bd",
          "templateType": "cisco_logging"
        }
      ]
    },
    {
      "templateId": "9715ad0d-efe2-4176-ada2-ff72c6269446",
      "templateType": "cisco_vpn",
      "subTemplates": [
        {
          "templateId": "efdffd2e-8ad2-409e-9945-de1e78318874",
          "templateType": "cisco_vpn_interface"
        }
      ]
    },
    {
      "templateId": "ab1b20ec-653f-45bd-a448-05dac37805ad",
      "templateType": "cisco_vpn"
    },
    {
      "templateId": "6eb83ef5-02a7-4536-bb06-8f5a789bc049",
      "templateType": "cedge_global"
    }
  ],
  "templateClass": "cedge",
  "templateId": "a5fce1a8-cde6-4935-a3f7-deaf6d4f86ed",
  "deviceRole": "sdwan-edge",
  "draftMode": false
}