{
  "templateName": "Default_BOOTSTRAP_STATIC_8000V_Template_V01",
  "templateDescription": "Default device template for AWS TGW C8000V",
  "deviceType": "vedge-C8000V",
  "configType": "template",
  "factoryDefault": true,
  "policyId": "",
  "featureTemplateUidRange": [],
  "connectionPreference": true,
  "connectionPreferenceRequired": true,
  "generalTemplates": [
    {
      "templateId": "00e457b6-b976-419b-a8e3-6b03f2638c0b",
      "templateType": "cedge_aaa"
    },
    {
      "templateId": "bdb1e013-5568-47eb-be74-0d48249f2ab9",
      "templateType": "cisco_bfd"
    },
    {
      "templateId": "0fce9cd7-bec0-4b3e-9e70-17dee875ea6e",
      "templateType": "cisco_omp"
    },
    {
      "templateId": "5814b688-d511-4134-bd62-925d57c9e443",
      "templateType": "cisco_security"
    },
    {
      "templateId": "b175bd7a-7c94-4f96-a05f-394595f98dd4",
      "templateType": "cisco_system",
      "subTemplates": [
        {
          "templateId": "33905513-3749-4c7c-b042-14fdca1606bd",
          "templateType": "cisco_logging"
        }
      ]
    },
    {
      "templateId": "2d73fa02-c8f1-4928-a07e-e24adafcd36f",
      "templateType": "cisco_vpn",
      "subTemplates": [
        {
          "templateId": "49870f78-b70d-4eca-9721-85c7f5a1cb0e",
          "templateType": "cisco_vpn_interface"
        }
      ]
    },
    {
      "templateId": "91655473-ba64-471d-bbd0-82ef783d46f2",
      "templateType": "cisco_vpn"
    },
    {
      "templateId": "6eb83ef5-02a7-4536-bb06-8f5a789bc049",
      "templateType": "cedge_global"
    }
  ],
  "templateClass": "cedge",
  "templateId": "79a0a861-8eb0-4780-b521-869f85928dd0",
  "deviceRole": "sdwan-edge",
  "draftMode": false
}