{
  "templateName": "Default_SDBranch_C8000V_Template_V01",
  "templateDescription": "Default device template for SD Branch C8000V",
  "deviceType": "vedge-C8000V",
  "configType": "template",
  "factoryDefault": true,
  "policyId": "",
  "featureTemplateUidRange": [],
  "connectionPreference": true,
  "connectionPreferenceRequired": true,
  "generalTemplates": [
    {
      "templateId": "00e457b6-b976-419b-a8e3-6b03f2638c0b",
      "templateType": "cedge_aaa"
    },
    {
      "templateId": "bdb1e013-5568-47eb-be74-0d48249f2ab9",
      "templateType": "cisco_bfd"
    },
    {
      "templateId": "0fce9cd7-bec0-4b3e-9e70-17dee875ea6e",
      "templateType": "cisco_omp"
    },
    {
      "templateId": "5814b688-d511-4134-bd62-925d57c9e443",
      "templateType": "cisco_security"
    },
    {
      "templateId": "b175bd7a-7c94-4f96-a05f-394595f98dd4",
      "templateType": "cisco_system",
      "subTemplates": [
        {
          "templateId": "33905513-3749-4c7c-b042-14fdca1606bd",
          "templateType": "cisco_logging"
        }
      ]
    },
    {
      "templateId": "1714ad21-5073-4fb9-b9cf-7177eafe0516",
      "templateType": "cisco_vpn",
      "subTemplates": [
        {
          "templateId": "323e1048-2722-4211-bdc0-fb07ed878824",
          "templateType": "cisco_vpn_interface"
        }
      ]
    },
    {
      "templateId": "187fdd6b-6664-40ab-96f3-be61edaa6d72",
      "templateType": "cisco_vpn",
      "subTemplates": [
        {
          "templateId": "1f8b786e-0ef3-4243-8883-7b587f5172e0",
          "templateType": "cisco_vpn_interface"
        }
      ]
    },
    {
      "templateId": "a0a61ca2-c350-4e66-af68-0f93c4f5e9ef",
      "templateType": "cisco_vpn",
      "subTemplates": [
        {
          "templateId": "1ff0b44b-cf9a-4a8f-9a3d-01d3de720634",
          "templateType": "cisco_vpn_interface"
        }
      ]
    },
    {
      "templateId": "91655473-ba64-471d-bbd0-82ef783d46f2",
      "templateType": "cisco_vpn",
      "subTemplates": [
        {
          "templateId": "4e2ce1a8-a749-425f-8f31-f93c5c64f785",
          "templateType": "cisco_vpn_interface"
        }
      ]
    },
    {
      "templateId": "6eb83ef5-02a7-4536-bb06-8f5a789bc049",
      "templateType": "cedge_global"
    },
    {
      "templateId": "76b27aaf-d3e8-4cb9-aea4-a3c35f4ba278",
      "templateType": "cisco_banner"
    }
  ],
  "templateClass": "cedge",
  "templateId": "2faad149-667d-4f51-adf2-90e5427159f8",
  "deviceRole": "sdwan-edge",
  "draftMode": false
}