{
  "templateName": "Default_EQUINIX_DHCP_DNS_ICGW_CSR1000V_Template_V02",
  "templateDescription": "Default DHCP DNS device template for Equinix Interconnect Gateway CSR1000V",
  "deviceType": "vedge-CSR-1000v",
  "configType": "template",
  "factoryDefault": true,
  "policyId": "",
  "featureTemplateUidRange": [],
  "connectionPreference": true,
  "connectionPreferenceRequired": true,
  "generalTemplates": [
    {
      "templateId": "00e457b6-b976-419b-a8e3-6b03f2638c0b",
      "templateType": "cedge_aaa"
    },
    {
      "templateId": "bdb1e013-5568-47eb-be74-0d48249f2ab9",
      "templateType": "cisco_bfd"
    },
    {
      "templateId": "381d327f-33eb-4850-8e61-19b20788a9ae",
      "templateType": "cisco_omp"
    },
    {
      "templateId": "5814b688-d511-4134-bd62-925d57c9e443",
      "templateType": "cisco_security"
    },
    {
      "templateId": "9bf48574-486f-480e-b2f8-676368a9fbcb",
      "templateType": "cisco_system",
      "subTemplates": [
        {
          "templateId": "33905513-3749-4c7c-b042-14fdca1606bd",
          "templateType": "cisco_logging"
        }
      ]
    },
    {
      "templateId": "d19f8426-2431-4340-9355-996b573739af",
      "templateType": "cisco_vpn",
      "subTemplates": [
        {
          "templateId": "f837a2b6-1aff-4b66-8704-b74d89887d68",
          "templateType": "cisco_vpn_interface"
        }
      ]
    },
    {
      "templateId": "f6aa7ff2-e7b5-462b-8aba-37554d94dfa6",
      "templateType": "cisco_vpn",
      "subTemplates": [
        {
          "templateId": "825fc0da-a615-4be3-8c81-2630e28d86b1",
          "templateType": "cisco_vpn_interface"
        }
      ]
    },
    {
      "templateId": "6eb83ef5-02a7-4536-bb06-8f5a789bc049",
      "templateType": "cedge_global"
    }
  ],
  "templateClass": "cedge",
  "templateId": "a8ce0036-a8ce-4d0c-b4c1-2c34a88a30e6",
  "deviceRole": "sdwan-edge",
  "draftMode": false
}