{
  "templateName": "Default_AWS_TGW_C8000V_Template_V01",
  "templateDescription": "Default device template for AWS TGW C8000V",
  "deviceType": "vedge-C8000V",
  "configType": "template",
  "factoryDefault": true,
  "policyId": "",
  "featureTemplateUidRange": [],
  "connectionPreference": true,
  "connectionPreferenceRequired": true,
  "generalTemplates": [
    {
      "templateId": "00e457b6-b976-419b-a8e3-6b03f2638c0b",
      "templateType": "cedge_aaa"
    },
    {
      "templateId": "bdb1e013-5568-47eb-be74-0d48249f2ab9",
      "templateType": "cisco_bfd"
    },
    {
      "templateId": "0fce9cd7-bec0-4b3e-9e70-17dee875ea6e",
      "templateType": "cisco_omp"
    },
    {
      "templateId": "5814b688-d511-4134-bd62-925d57c9e443",
      "templateType": "cisco_security"
    },
    {
      "templateId": "9bf48574-486f-480e-b2f8-676368a9fbcb",
      "templateType": "cisco_system",
      "subTemplates": [
        {
          "templateId": "33905513-3749-4c7c-b042-14fdca1606bd",
          "templateType": "cisco_logging"
        }
      ]
    },
    {
      "templateId": "9257abac-a367-4f22-b9a4-b38db82a84c8",
      "templateType": "cisco_vpn",
      "subTemplates": [
        {
          "templateId": "826d3752-8e71-4fb1-81ec-0ebdb4e67be8",
          "templateType": "cisco_vpn_interface"
        }
      ]
    },
    {
      "templateId": "91655473-ba64-471d-bbd0-82ef783d46f2",
      "templateType": "cisco_vpn",
      "subTemplates": [
        {
          "templateId": "6fe93986-7764-497d-a173-fb9fe06c0e00",
          "templateType": "cisco_vpn_interface"
        }
      ]
    },
    {
      "templateId": "6eb83ef5-02a7-4536-bb06-8f5a789bc049",
      "templateType": "cedge_global"
    }
  ],
  "templateClass": "cedge",
  "templateId": "1c56f7f0-7317-4107-aecf-dbfc58517f3d",
  "deviceRole": "sdwan-edge",
  "draftMode": false
}