{
  "templateName": "Default_MEGAPORT_ICGW_C8000V_Template_V01",
  "templateDescription": "Default device template for Megaport Interconnect Gateway C8000V",
  "deviceType": "vedge-C8000V",
  "configType": "template",
  "factoryDefault": true,
  "policyId": "",
  "featureTemplateUidRange": [],
  "connectionPreference": true,
  "connectionPreferenceRequired": true,
  "generalTemplates": [
    {
      "templateId": "00e457b6-b976-419b-a8e3-6b03f2638c0b",
      "templateType": "cedge_aaa"
    },
    {
      "templateId": "bdb1e013-5568-47eb-be74-0d48249f2ab9",
      "templateType": "cisco_bfd"
    },
    {
      "templateId": "c567f6c2-eb0d-4e0f-84b0-930de3e45ac1",
      "templateType": "cisco_omp"
    },
    {
      "templateId": "5814b688-d511-4134-bd62-925d57c9e443",
      "templateType": "cisco_security"
    },
    {
      "templateId": "9bf48574-486f-480e-b2f8-676368a9fbcb",
      "templateType": "cisco_system",
      "subTemplates": [
        {
          "templateId": "33905513-3749-4c7c-b042-14fdca1606bd",
          "templateType": "cisco_logging"
        }
      ]
    },
    {
      "templateId": "395032e3-08f2-4614-94dd-df521c2232c5",
      "templateType": "cisco_vpn",
      "subTemplates": [
        {
          "templateId": "51742ad4-ed76-4d9d-986a-58a57d20e095",
          "templateType": "cisco_vpn_interface"
        }
      ]
    },
    {
      "templateId": "6eb83ef5-02a7-4536-bb06-8f5a789bc049",
      "templateType": "cedge_global"
    }
  ],
  "templateClass": "cedge",
  "templateId": "2a423819-639b-4b46-ab2d-1f6fc69dd34f",
  "deviceRole": "sdwan-edge",
  "draftMode": false
}