{
  "templateName": "Factory_Default_DC1_HUB",
  "templateDescription": "Factory Default DC1 HUB for CSR C8000V",
  "deviceType": "vedge-C8000V",
  "configType": "template",
  "factoryDefault": true,
  "policyId": "",
  "featureTemplateUidRange": [],
  "connectionPreferenceRequired": true,
  "connectionPreference": true,
  "generalTemplates": [
    {
      "templateId": "00e457b6-b976-419b-a8e3-6b03f2638c0b",
      "templateType": "cedge_aaa"
    },
    {
      "templateId": "e63caefd-8dab-4965-9e99-c4b2369d4c9b",
      "templateType": "cisco_bfd"
    },
    {
      "templateId": "92f35bc3-6100-46ef-81d2-48064b6c8cf9",
      "templateType": "cisco_omp"
    },
    {
      "templateId": "5814b688-d511-4134-bd62-925d57c9e443",
      "templateType": "cisco_security"
    },
    {
      "templateId": "6b5ec4b9-677b-48f3-b479-e101acd86fa7",
      "templateType": "cisco_system",
      "subTemplates": [
        {
          "templateId": "33905513-3749-4c7c-b042-14fdca1606bd",
          "templateType": "cisco_logging"
        }
      ]
    },
    {
      "templateId": "7d45e88e-257f-4599-bfb2-b7c00f3fa567",
      "templateType": "cisco_vpn",
      "subTemplates": [
        {
          "templateId": "c3971986-a951-4c40-9f2c-782da04a1beb",
          "templateType": "cisco_vpn_interface"
        },
        {
          "templateId": "87be6c7c-f1d9-46ac-8082-8eb1ff50001d",
          "templateType": "cisco_vpn_interface"
        }
      ]
    },
    {
      "templateId": "91655473-ba64-471d-bbd0-82ef783d46f2",
      "templateType": "cisco_vpn"
    },
    {
      "templateId": "fd28b7c4-a944-461e-bd1c-3b91c0569c84",
      "templateType": "cisco_vpn",
      "subTemplates": [
        {
          "templateId": "8742823b-712f-425e-bd3d-e2c57333ec0f",
          "templateType": "cisco_vpn_interface",
          "subTemplates": [
            {
              "templateId": "844ad97f-ef38-4e14-a43a-b77262684da4",
              "templateType": "cisco_dhcp_server"
            }
          ]
        }
      ]
    },
    {
      "templateId": "a59a5478-7a2f-4f63-8d56-72253a033117",
      "templateType": "cisco_vpn",
      "subTemplates": [
        {
          "templateId": "484e8e79-38f0-4f2b-a313-f0c67070ab79",
          "templateType": "cisco_vpn_interface"
        }
      ]
    },
    {
      "templateId": "e700f07f-4d1d-4e01-9fd2-53c43a00cd3a",
      "templateType": "cisco_vpn",
      "subTemplates": [
        {
          "templateId": "6930ac77-4d72-470c-a6f1-5c06f08a381b",
          "templateType": "cisco_vpn_interface"
        }
      ]
    },
    {
      "templateId": "6eb83ef5-02a7-4536-bb06-8f5a789bc049",
      "templateType": "cedge_global"
    },
    {
      "templateId": "76b27aaf-d3e8-4cb9-aea4-a3c35f4ba278",
      "templateType": "cisco_banner"
    }
  ],
  "templateClass": "cedge",
  "deviceRole": "sdwan-edge",
  "templateId": "2a3f8c8d-929f-428c-a9ec-5312b7eb2f12",
  "draftMode": false
}