{
  "templateName": "Factory_Default_ISR_4331_V01",
  "templateDescription": "Factory Default template for ISR4331 device",
  "deviceType": "vedge-ISR-4331",
  "configType": "template",
  "factoryDefault": true,
  "policyId": "",
  "featureTemplateUidRange": [],
  "connectionPreferenceRequired": true,
  "connectionPreference": true,
  "generalTemplates": [
    {
      "templateId": "00e457b6-b976-419b-a8e3-6b03f2638c0b",
      "templateType": "cedge_aaa"
    },
    {
      "templateId": "bdb1e013-5568-47eb-be74-0d48249f2ab9",
      "templateType": "cisco_bfd"
    },
    {
      "templateId": "01afdcc7-ecfc-41c7-87de-8fdcfc60aa34",
      "templateType": "cisco_omp"
    },
    {
      "templateId": "5814b688-d511-4134-bd62-925d57c9e443",
      "templateType": "cisco_security"
    },
    {
      "templateId": "9bf48574-486f-480e-b2f8-676368a9fbcb",
      "templateType": "cisco_system",
      "subTemplates": [
        {
          "templateId": "33905513-3749-4c7c-b042-14fdca1606bd",
          "templateType": "cisco_logging"
        }
      ]
    },
    {
      "templateId": "c01fd1b2-a8db-4ec3-b044-d6fae0da3634",
      "templateType": "cisco_vpn",
      "subTemplates": [
        {
          "templateId": "741403ca-3ee8-4d9c-a2c7-038fd536a4d6",
          "templateType": "cisco_vpn_interface"
        },
        {
          "templateId": "7259befe-35ba-4150-8923-130ec982133d",
          "templateType": "cisco_vpn_interface"
        }
      ]
    },
    {
      "templateId": "394bc8d9-d29a-4897-aa23-603e19df08d9",
      "templateType": "cisco_vpn",
      "subTemplates": [
        {
          "templateId": "b460e293-b5b8-4633-b3f6-2a5083ada9ec",
          "templateType": "cisco_vpn_interface"
        }
      ]
    },
    {
      "templateId": "fa768278-ea78-4852-9ebb-3fabf67b63e4",
      "templateType": "cisco_vpn",
      "subTemplates": [
        {
          "templateId": "cf905ffe-5682-47a1-b7b1-4894b686a01b",
          "templateType": "cisco_vpn_interface"
        }
      ]
    },
    {
      "templateId": "6eb83ef5-02a7-4536-bb06-8f5a789bc049",
      "templateType": "cedge_global"
    }
  ],
  "templateClass": "cedge",
  "templateId": "cdebb5bd-6767-4b24-b5d4-5ffc492a055f",
  "deviceRole": "sdwan-edge",
  "draftMode": false
}