{
  "templateName": "Factory_Default_C1111_8PLTELA_V01",
  "templateDescription": "Factory Default template for C1111-8PLTELA",
  "deviceType": "vedge-C1111-8PLTELA",
  "configType": "template",
  "factoryDefault": true,
  "policyId": "",
  "featureTemplateUidRange": [],
  "connectionPreferenceRequired": true,
  "connectionPreference": true,
  "generalTemplates": [
    {
      "templateId": "00e457b6-b976-419b-a8e3-6b03f2638c0b",
      "templateType": "cedge_aaa"
    },
    {
      "templateId": "bdb1e013-5568-47eb-be74-0d48249f2ab9",
      "templateType": "cisco_bfd"
    },
    {
      "templateId": "01afdcc7-ecfc-41c7-87de-8fdcfc60aa34",
      "templateType": "cisco_omp"
    },
    {
      "templateId": "5814b688-d511-4134-bd62-925d57c9e443",
      "templateType": "cisco_security"
    },
    {
      "templateId": "9bf48574-486f-480e-b2f8-676368a9fbcb",
      "templateType": "cisco_system",
      "subTemplates": [
        {
          "templateId": "33905513-3749-4c7c-b042-14fdca1606bd",
          "templateType": "cisco_logging"
        }
      ]
    },
    {
      "templateId": "394bc8d9-d29a-4897-aa23-603e19df08d9",
      "templateType": "cisco_vpn",
      "subTemplates": [
        {
          "templateId": "312df3fc-1f8d-454f-b354-9bc820d08230",
          "templateType": "cisco_vpn_interface"
        }
      ]
    },
    {
      "templateId": "c01fd1b2-a8db-4ec3-b044-d6fae0da3634",
      "templateType": "cisco_vpn",
      "subTemplates": [
        {
          "templateId": "c9b00318-b7c0-4c7f-b35b-e49e6edec71c",
          "templateType": "vpn-interface-svi"
        }
      ]
    },
    {
      "templateId": "fa768278-ea78-4852-9ebb-3fabf67b63e4",
      "templateType": "cisco_vpn",
      "subTemplates": [
        {
          "templateId": "03d187b8-8421-4137-9c9e-e0e4a7807b78",
          "templateType": "cisco_vpn_interface"
        }
      ]
    },
    {
      "templateId": "6eb83ef5-02a7-4536-bb06-8f5a789bc049",
      "templateType": "cedge_global"
    },
    {
      "templateId": "e64c5e42-44c1-4003-8da5-bc77555bfb42",
      "templateType": "cellular-cedge-controller"
    },
    {
      "templateId": "7c0f39ce-09e6-4b6f-858a-a73741c8b388",
      "templateType": "switchport"
    }
  ],
  "templateClass": "cedge",
  "templateId": "f4b2b3c9-7537-4940-8423-e85c6a937bdc",
  "deviceRole": "sdwan-edge",
  "draftMode": false
}