{
  "templateName": "Factory_Default_CSR_1000V_V01",
  "templateDescription": "Factory Default template for CSR 1000V",
  "deviceType": "vedge-CSR-1000v",
  "configType": "template",
  "factoryDefault": true,
  "policyId": "",
  "featureTemplateUidRange": [],
  "connectionPreference": true,
  "connectionPreferenceRequired": true,
  "generalTemplates": [
    {
      "templateType": "cedge_aaa",
      "templateId": "00e457b6-b976-419b-a8e3-6b03f2638c0b"
    },
    {
      "templateType": "cisco_system",
      "subTemplates": [
        {
          "templateType": "cisco_logging",
          "templateId": "33905513-3749-4c7c-b042-14fdca1606bd"
        }
      ],
      "templateId": "9bf48574-486f-480e-b2f8-676368a9fbcb"
    },
    {
      "templateType": "cedge_aaa",
      "templateId": "00e457b6-b976-419b-a8e3-6b03f2638c0b"
    },
    {
      "templateType": "cisco_ntp",
      "templateId": "1d7b5a60-d72d-4265-85f2-d9b162529208"
    },
    {
      "templateType": "cisco_logging",
      "templateId": "33905513-3749-4c7c-b042-14fdca1606bd"
    },
    {
      "templateType": "cedge_global",
      "templateId": "6eb83ef5-02a7-4536-bb06-8f5a789bc049"
    },
    {
      "templateType": "cisco_bfd",
      "templateId": "bdb1e013-5568-47eb-be74-0d48249f2ab9"
    },
    {
      "templateType": "cisco_omp",
      "templateId": "01afdcc7-ecfc-41c7-87de-8fdcfc60aa34"
    },
    {
      "templateType": "cisco_security",
      "templateId": "5814b688-d511-4134-bd62-925d57c9e443"
    },
    {
      "templateType": "cisco_vpn",
      "subTemplates": [
        {
          "templateType": "cisco_vpn_interface",
          "templateId": "acc8efe0-377c-47d8-939b-9e6a35912a2c"
        },
        {
          "templateType": "cisco_vpn_interface",
          "templateId": "0284f2b2-31cc-4046-a39f-a22e8e108090"
        },
        {
          "templateType": "cisco_vpn_interface",
          "templateId": "24bb4850-f20e-4145-97c2-1d918043597f"
        },
        {
          "templateType": "cisco_vpn_interface",
          "templateId": "1feac75c-b762-4d90-9dd9-b0ea1d9c819a"
        },
        {
          "templateType": "cisco_vpn_interface",
          "templateId": "767d150a-faeb-445f-ba60-e60aa18b7dab"
        },
        {
          "templateType": "cisco_vpn_interface",
          "templateId": "0207af90-cd4a-4af3-b019-778f4b60fc45"
        }
      ],
      "templateId": "c01fd1b2-a8db-4ec3-b044-d6fae0da3634"
    },
    {
      "templateType": "cisco_vpn",
      "subTemplates": [
        {
          "templateType": "cisco_vpn_interface",
          "templateId": "cf905ffe-5682-47a1-b7b1-4894b686a01b"
        },
        {
          "templateType": "cisco_vpn_interface",
          "templateId": "f17528cc-3f1a-4165-b675-fd6f4a5897d6"
        },
        {
          "templateType": "cisco_vpn_interface",
          "templateId": "2dc04b8c-6083-408c-b38e-1b2b6ce748b5"
        }
      ],
      "templateId": "fa768278-ea78-4852-9ebb-3fabf67b63e4"
    },
    {
      "templateType": "cisco_vpn",
      "templateId": "394bc8d9-d29a-4897-aa23-603e19df08d9"
    }
  ],
  "templateClass": "cedge",
  "templateId": "6efae1a6-4c26-46a0-9b53-8094811a60cd",
  "deviceRole": "sdwan-edge",
  "draftMode": false
}