{
  "templateName": "Factory_Default_1_TLOC_Branch_Template",
  "templateDescription": "Factory Default 1 TLOC Branch Template for CSR C8000V",
  "deviceType": "vedge-C8000V",
  "configType": "template",
  "factoryDefault": true,
  "policyId": "",
  "featureTemplateUidRange": [],
  "connectionPreferenceRequired": true,
  "connectionPreference": true,
  "generalTemplates": [
    {
      "templateId": "00e457b6-b976-419b-a8e3-6b03f2638c0b",
      "templateType": "cedge_aaa"
    },
    {
      "templateId": "e63caefd-8dab-4965-9e99-c4b2369d4c9b",
      "templateType": "cisco_bfd"
    },
    {
      "templateId": "92f35bc3-6100-46ef-81d2-48064b6c8cf9",
      "templateType": "cisco_omp"
    },
    {
      "templateId": "5814b688-d511-4134-bd62-925d57c9e443",
      "templateType": "cisco_security"
    },
    {
      "templateId": "9808c52e-3c88-40e3-9430-7e3ef9533910",
      "templateType": "cisco_system",
      "subTemplates": [
        {
          "templateId": "33905513-3749-4c7c-b042-14fdca1606bd",
          "templateType": "cisco_logging"
        }
      ]
    },
    {
      "templateId": "abac2dba-f662-4214-81eb-a7c7a5fdb2ae",
      "templateType": "cisco_vpn",
      "subTemplates": [
        {
          "templateId": "62a634dd-e89d-44f8-b6b3-d7af95bb6d83",
          "templateType": "cisco_vpn_interface"
        },
        {
          "templateId": "7e62f971-1956-4e5a-9d9a-6c733414ce30",
          "templateType": "cisco_vpn_interface"
        }
      ]
    },
    {
      "templateId": "91655473-ba64-471d-bbd0-82ef783d46f2",
      "templateType": "cisco_vpn"
    },
    {
      "templateId": "e700f07f-4d1d-4e01-9fd2-53c43a00cd3a",
      "templateType": "cisco_vpn",
      "subTemplates": [
        {
          "templateId": "6930ac77-4d72-470c-a6f1-5c06f08a381b",
          "templateType": "cisco_vpn_interface"
        }
      ]
    },
    {
      "templateId": "fd28b7c4-a944-461e-bd1c-3b91c0569c84",
      "templateType": "cisco_vpn",
      "subTemplates": [
        {
          "templateId": "8742823b-712f-425e-bd3d-e2c57333ec0f",
          "templateType": "cisco_vpn_interface"
        }
      ]
    },
    {
      "templateId": "a59a5478-7a2f-4f63-8d56-72253a033117",
      "templateType": "cisco_vpn",
      "subTemplates": [
        {
          "templateId": "484e8e79-38f0-4f2b-a313-f0c67070ab79",
          "templateType": "cisco_vpn_interface"
        }
      ]
    },
    {
      "templateId": "6eb83ef5-02a7-4536-bb06-8f5a789bc049",
      "templateType": "cedge_global"
    }
  ],
  "templateClass": "cedge",
  "deviceRole": "sdwan-edge",
  "templateId": "a52a5bb1-c5e4-4107-855a-053f6a4427f8",
  "draftMode": false
}