[
  {
    "deviceType": "vsmart",
    "lastUpdatedBy": "admin",
    "resourceGroup": "global",
    "templateClass": "vedge",
    "configType": "file",
    "templateId": "f3e49ff3-0c72-4f4e-8baf-214628f6ee5f",
    "factoryDefault": false,
    "templateName": "MSX_SDWAN_VSMART_TEMPLATE_SITE-c614922d-ae9a-4c73-bf59-90193e2aaf9a",
    "devicesAttached": 1,
    "templateDescription": "MSX vSmart template",
    "draftMode": "Disabled",
    "lastUpdatedOn": 1654107652881,
    "templateAttached": 0
  },
  {
    "deviceType": "vedge-C8000V",
    "lastUpdatedBy": "admin",
    "resourceGroup": "global",
    "deviceRole": "sdwan-edge",
    "templateClass": "cedge",
    "configType": "template",
    "templateId": "19b8605b-624d-4b1d-97ba-c781c020c765",
    "factoryDefault": false,
    "templateName": "Branch_Dual_Router-INET-CELL_TLOC-MPLS",
    "devicesAttached": 1,
    "templateDescription": "Branch with Dual router and Dual Transport in INET and Cellular",
    "draftMode": "Disabled",
    "lastUpdatedOn": 1654813878411,
    "templateAttached": 30
  },
  {
    "deviceType": "vedge-C8000V",
    "lastUpdatedBy": "admin",
    "resourceGroup": "global",
    "deviceRole": "sdwan-edge",
    "templateClass": "cedge",
    "configType": "template",
    "templateId": "43ab02d7-409d-4599-83c5-f339a14ea2a1",
    "factoryDefault": false,
    "templateName": "Branch_Dual_Router-MPLS-CELL_TLOC-INET",
    "devicesAttached": 1,
    "templateDescription": "Branch with Dual router and Dual Transport in MPLS and Cellular",
    "draftMode": "Disabled",
    "lastUpdatedOn": 1654814517642,
    "templateAttached": 30
  },
  {
    "deviceType": "vedge-C8000V",
    "lastUpdatedBy": "admin",
    "resourceGroup": "global",
    "deviceRole": "sdwan-edge",
    "templateClass": "cedge",
    "configType": "template",
    "templateId": "eafeb131-ee2a-4059-b613-d0d8b449ef58",
    "factoryDefault": false,
    "templateName": "Branch_Single_Router",
    "devicesAttached": 1,
    "templateDescription": "Branch with single router and all Transport - MPLSINET-CELL",
    "draftMode": "Disabled",
    "lastUpdatedOn": 1654740833780,
    "templateAttached": 24
  },
  {
    "deviceType": "vedge-C8000V",
    "lastUpdatedBy": "admin",
    "resourceGroup": "global",
    "deviceRole": "sdwan-edge",
    "templateClass": "cedge",
    "configType": "template",
    "templateId": "bc6f546b-a8cf-43c4-b41b-bfa82566e41d",
    "factoryDefault": false,
    "templateName": "DC_Single_Router",
    "devicesAttached": 2,
    "templateDescription": "Head End Data Center single router",
    "draftMode": "Disabled",
    "lastUpdatedOn": 1654740749972,
    "templateAttached": 23
  },
  {
    "deviceType": "vedge-C8000V",
    "lastUpdatedBy": "system",
    "resourceGroup": "global",
    "deviceRole": "sdwan-edge",
    "templateClass": "cedge",
    "configType": "template",
    "templateId": "1c56f7f0-7317-4107-aecf-dbfc58517f3d",
    "factoryDefault": true,
    "templateName": "Default_AWS_TGW_C8000V_Template_V01",
    "devicesAttached": 0,
    "templateDescription": "Default device template for AWS TGW C8000V",
    "lastUpdatedOn": 1652445787444,
    "templateAttached": 11,
    "draftMode": "Disabled"
  },
  {
    "deviceType": "vedge-CSR-1000v",
    "lastUpdatedBy": "system",
    "resourceGroup": "global",
    "templateClass": "cedge",
    "configType": "template",
    "templateId": "bccd7f8b-68b3-440a-8205-592876413399",
    "factoryDefault": true,
    "templateName": "Default_AWS_TGW_CSR1000V_Template_V01",
    "devicesAttached": 0,
    "templateDescription": "Default device template for AWS TGW CSR1000V",
    "lastUpdatedOn": 1652385135433,
    "templateAttached": 11,
    "draftMode": "Disabled"
  },
  {
    "deviceType": "vedge-C8000V",
    "lastUpdatedBy": "system",
    "resourceGroup": "global",
    "deviceRole": "sdwan-edge",
    "templateClass": "cedge",
    "configType": "template",
    "templateId": "36571eab-b804-430c-8d5a-7ae52e28edb1",
    "factoryDefault": true,
    "templateName": "Default_Azure_vWAN_C8000V_Template_V01",
    "devicesAttached": 0,
    "templateDescription": "Default device template for Azure vWAN C8000V",
    "lastUpdatedOn": 1652445793532,
    "templateAttached": 11,
    "draftMode": "Disabled"
  },
  {
    "deviceType": "vedge-C8000V",
    "lastUpdatedBy": "system",
    "resourceGroup": "global",
    "deviceRole": "sdwan-edge",
    "templateClass": "cedge",
    "configType": "template",
    "templateId": "330af0d4-0a2c-4463-bc8b-0b8c5650f941",
    "factoryDefault": true,
    "templateName": "Default_BOOTSTRAP_DHCP_8000V_Template_V01",
    "devicesAttached": 0,
    "templateDescription": "Default device template for onboarding C8000V devices with dhcp configurations",
    "lastUpdatedOn": 1652445792821,
    "templateAttached": 11,
    "draftMode": "Disabled"
  },
  {
    "deviceType": "vedge-C8000V",
    "lastUpdatedBy": "system",
    "resourceGroup": "global",
    "deviceRole": "sdwan-edge",
    "templateClass": "cedge",
    "configType": "template",
    "templateId": "79a0a861-8eb0-4780-b521-869f85928dd0",
    "factoryDefault": true,
    "templateName": "Default_BOOTSTRAP_STATIC_8000V_Template_V01",
    "devicesAttached": 0,
    "templateDescription": "Default device template for AWS TGW C8000V",
    "lastUpdatedOn": 1652445795879,
    "templateAttached": 10,
    "draftMode": "Disabled"
  },
  {
    "deviceType": "vedge-CSR-1000v",
    "lastUpdatedBy": "system",
    "resourceGroup": "global",
    "deviceRole": "sdwan-edge",
    "templateClass": "cedge",
    "configType": "template",
    "templateId": "a8ce0036-a8ce-4d0c-b4c1-2c34a88a30e6",
    "factoryDefault": true,
    "templateName": "Default_EQUINIX_DHCP_DNS_ICGW_CSR1000V_Template_V02",
    "devicesAttached": 0,
    "templateDescription": "Default DHCP DNS device template for Equinix Interconnect Gateway CSR1000V",
    "lastUpdatedOn": 1652445796605,
    "templateAttached": 11,
    "draftMode": "Disabled"
  },
  {
    "deviceType": "vedge-C8000V",
    "lastUpdatedBy": "system",
    "resourceGroup": "global",
    "deviceRole": "sdwan-edge",
    "templateClass": "cedge",
    "configType": "template",
    "templateId": "a5fce1a8-cde6-4935-a3f7-deaf6d4f86ed",
    "factoryDefault": true,
    "templateName": "Default_GCP_C8000V_Template_V01",
    "devicesAttached": 0,
    "templateDescription": "Default device template for GCP C8000V",
    "lastUpdatedOn": 1652445790656,
    "templateAttached": 10,
    "draftMode": "Disabled"
  },
  {
    "deviceType": "vedge-C8000V",
    "lastUpdatedBy": "system",
    "resourceGroup": "global",
    "deviceRole": "sdwan-edge",
    "templateClass": "cedge",
    "configType": "template",
    "templateId": "2a423819-639b-4b46-ab2d-1f6fc69dd34f",
    "factoryDefault": true,
    "templateName": "Default_MEGAPORT_ICGW_C8000V_Template_V01",
    "devicesAttached": 0,
    "templateDescription": "Default device template for Megaport Interconnect Gateway C8000V",
    "lastUpdatedOn": 1652445794240,
    "templateAttached": 9,
    "draftMode": "Disabled"
  },
  {
    "deviceType": "vedge-C8000V",
    "lastUpdatedBy": "system",
    "resourceGroup": "global",
    "deviceRole": "sdwan-edge",
    "templateClass": "cedge",
    "configType": "template",
    "templateId": "2faad149-667d-4f51-adf2-90e5427159f8",
    "factoryDefault": true,
    "templateName": "Default_SDBranch_C8000V_Template_V01",
    "devicesAttached": 0,
    "templateDescription": "Default device template for SD Branch C8000V",
    "lastUpdatedOn": 1652445785920,
    "templateAttached": 16,
    "draftMode": "Disabled"
  },
  {
    "deviceType": "vedge-ISRv",
    "lastUpdatedBy": "system",
    "resourceGroup": "global",
    "deviceRole": "sdwan-edge",
    "templateClass": "cedge",
    "configType": "template",
    "templateId": "792748be-bd82-424b-9648-b0e3b49c2cbe",
    "factoryDefault": true,
    "templateName": "Default_SDBranch_ISRv_Template_V01",
    "devicesAttached": 0,
    "templateDescription": "Default device template for SD Branch ISRv",
    "lastUpdatedOn": 1652445794870,
    "templateAttached": 16,
    "draftMode": "Disabled"
  },
  {
    "deviceType": "vedge-cloud",
    "lastUpdatedBy": "system",
    "resourceGroup": "global",
    "deviceRole": "sdwan-edge",
    "templateClass": "vedge",
    "configType": "template",
    "templateId": "c3162344-5dc1-4b34-8551-8ad2a3274c55",
    "factoryDefault": true,
    "templateName": "Default_SDBranch_vEdge_cloud_Template_V01",
    "devicesAttached": 0,
    "templateDescription": "Default device template for SD Branch vedge cloud",
    "lastUpdatedOn": 1652445788275,
    "templateAttached": 14,
    "draftMode": "Disabled"
  },
  {
    "deviceType": "vedge-C8000V",
    "lastUpdatedBy": "system",
    "resourceGroup": "global",
    "deviceRole": "sdwan-edge",
    "templateClass": "cedge",
    "configType": "template",
    "templateId": "a52a5bb1-c5e4-4107-855a-053f6a4427f8",
    "factoryDefault": true,
    "templateName": "Factory_Default_1_TLOC_Branch_Template",
    "devicesAttached": 0,
    "templateDescription": "Factory Default 1 TLOC Branch Template for CSR C8000V",
    "lastUpdatedOn": 1652445791421,
    "templateAttached": 17,
    "draftMode": "Disabled"
  },
  {
    "deviceType": "vedge-C1111-8PLTELA",
    "lastUpdatedBy": "system",
    "resourceGroup": "global",
    "templateClass": "cedge",
    "configType": "template",
    "templateId": "f4b2b3c9-7537-4940-8423-e85c6a937bdc",
    "factoryDefault": true,
    "templateName": "Factory_Default_C1111_8PLTELA_V01",
    "devicesAttached": 0,
    "templateDescription": "Factory Default template for C1111-8PLTELA",
    "lastUpdatedOn": 1652385134527,
    "templateAttached": 15,
    "draftMode": "Disabled"
  },
  {
    "deviceType": "vedge-CSR-1000v",
    "lastUpdatedBy": "system",
    "resourceGroup": "global",
    "templateClass": "cedge",
    "configType": "template",
    "templateId": "6efae1a6-4c26-46a0-9b53-8094811a60cd",
    "factoryDefault": true,
    "templateName": "Factory_Default_CSR_1000V_V01",
    "devicesAttached": 0,
    "templateDescription": "Factory Default template for CSR 1000V",
    "lastUpdatedOn": 1652385136117,
    "templateAttached": 22,
    "draftMode": "Disabled"
  },
  {
    "deviceType": "vedge-C8000V",
    "lastUpdatedBy": "system",
    "resourceGroup": "global",
    "deviceRole": "sdwan-edge",
    "templateClass": "cedge",
    "configType": "template",
    "templateId": "2a3f8c8d-929f-428c-a9ec-5312b7eb2f12",
    "factoryDefault": true,
    "templateName": "Factory_Default_DC1_HUB",
    "devicesAttached": 0,
    "templateDescription": "Factory Default DC1 HUB for CSR C8000V",
    "lastUpdatedOn": 1652445789319,
    "templateAttached": 19,
    "draftMode": "Disabled"
  },
  {
    "deviceType": "vedge-ISR-4331",
    "lastUpdatedBy": "system",
    "resourceGroup": "global",
    "templateClass": "cedge",
    "configType": "template",
    "templateId": "cdebb5bd-6767-4b24-b5d4-5ffc492a055f",
    "factoryDefault": true,
    "templateName": "Factory_Default_ISR_4331_V01",
    "devicesAttached": 0,
    "templateDescription": "Factory Default template for ISR4331 device",
    "lastUpdatedOn": 1652385133478,
    "templateAttached": 14,
    "draftMode": "Disabled"
  }
]