[
  {
    "mastersAttached": 0,
    "lastUpdatedBy": "admin",
    "policyName": "MSX_Physical_vEdge_policy_queues",
    "policyDefinition": "policy\nclass-map\n  class VOICE queue 0\n  class NET-CTRL-MGMT queue 1\n  class INTERACTIVE-VIDEO queue 2\n  class STREAMING-VIDEO queue 3\n  class CALL-SIGNALING queue 4\n  class BULK-DATA queue 5\n  class SCAVENGER queue 6\n  class DEFAULT queue 7\n!",
    "policyDefinitionEdit": "policy\nclass-map\n  class VOICE queue 0\n  class NET-CTRL-MGMT queue 1\n  class INTERACTIVE-VIDEO queue 2\n  class STREAMING-VIDEO queue 3\n  class CALL-SIGNALING queue 4\n  class BULK-DATA queue 5\n  class SCAVENGER queue 6\n  class DEFAULT queue 7\n!",
    "createdOn": 1654107688542,
    "policyDescription": "MSX defined Policy Queues to be configured on Physical vEdges",
    "@rid": 542,
    "policyId": "f3e15a18-35ac-419a-95f7-258300d38221",
    "createdBy": "admin",
    "devicesAttached": 0,
    "policyType": "cli",
    "lastUpdatedOn": 1654107688542
  }
]