[
  {
    "listId": "1056ad52-5db5-492c-8b98-01473ae2cd68",
    "name": "Voice-And-Video",
    "type": "sla",
    "description": "ACI Voice And Video SLA",
    "entries": [
      {
        "jitter": "30",
        "latency": "45",
        "loss": "2"
      }
    ],
    "lastUpdated": 1652385130679,
    "owner": "system",
    "readOnly": false,
    "version": "1.0",
    "infoTag": "aci",
    "referenceCount": 0,
    "references": [],
    "isActivatedByVsmart": false
  },
  {
    "listId": "c6ffe16d-59c8-44df-b7b3-8b38906915c0",
    "name": "Transactional-Data",
    "type": "sla",
    "description": "ACI Transactional Data SLA",
    "entries": [
      {
        "jitter": "100",
        "latency": "50",
        "loss": "5"
      }
    ],
    "lastUpdated": 1652385131179,
    "owner": "system",
    "readOnly": false,
    "version": "1.0",
    "infoTag": "aci",
    "referenceCount": 0,
    "references": [],
    "isActivatedByVsmart": false
  },
  {
    "listId": "ee251309-7586-4085-8859-26af966120e0",
    "name": "Default",
    "type": "sla",
    "description": "ACI Default SLA",
    "entries": [
      {
        "jitter": "100",
        "latency": "300",
        "loss": "25"
      }
    ],
    "lastUpdated": 1652385130427,
    "owner": "system",
    "readOnly": false,
    "version": "1.0",
    "infoTag": "aci",
    "referenceCount": 0,
    "references": [],
    "isActivatedByVsmart": false
  },
  {
    "listId": "beb3d680-5869-4c46-a1af-a53961d04e1d",
    "name": "Bulk-Data",
    "type": "sla",
    "description": "ACI Bulk Data SLA",
    "entries": [
      {
        "jitter": "100",
        "latency": "300",
        "loss": "10"
      }
    ],
    "lastUpdated": 1652385131569,
    "owner": "system",
    "readOnly": false,
    "version": "1.0",
    "infoTag": "aci",
    "referenceCount": 0,
    "references": [],
    "isActivatedByVsmart": false
  },
  {
    "listId": "db5648e1-7ebf-47e9-81a2-6020895d65d9",
    "name": "Business-Data",
    "type": "sla",
    "description": "Business Data SLA",
    "entries": [
      {
        "jitter": "200",
        "latency": "350",
        "loss": "3"
      }
    ],
    "lastUpdated": 1652445784151,
    "owner": "system",
    "readOnly": false,
    "version": "1.0",
    "infoTag": "",
    "referenceCount": 0,
    "references": [],
    "isActivatedByVsmart": false
  },
  {
    "listId": "ba0e3385-47ae-44e1-a042-b62e9e563f86",
    "name": "Business-Critical",
    "type": "sla",
    "description": "Business Critical SLA",
    "entries": [
      {
        "jitter": "100",
        "latency": "250",
        "loss": "1"
      }
    ],
    "lastUpdated": 1652445784896,
    "owner": "system",
    "readOnly": false,
    "version": "1.0",
    "infoTag": "",
    "referenceCount": 0,
    "references": [],
    "isActivatedByVsmart": false
  },
  {
    "listId": "91dd7b4e-17c4-432d-8af4-1509b22d8320",
    "name": "Realtime",
    "type": "sla",
    "description": "Realtime SLA",
    "entries": [
      {
        "jitter": "30",
        "latency": "150",
        "loss": "1"
      }
    ],
    "lastUpdated": 1652445785079,
    "owner": "system",
    "readOnly": false,
    "version": "1.0",
    "infoTag": "",
    "referenceCount": 0,
    "references": [],
    "isActivatedByVsmart": false
  },
  {
    "listId": "15e4ceda-f7c6-45f6-b5a1-484f7567a878",
    "name": "Best-Effort",
    "type": "sla",
    "description": "Best Effort SLA",
    "entries": [
      {
        "jitter": "500",
        "latency": "500",
        "loss": "5"
      }
    ],
    "lastUpdated": 1652445785341,
    "owner": "system",
    "readOnly": false,
    "version": "1.0",
    "infoTag": "",
    "referenceCount": 0,
    "references": [],
    "isActivatedByVsmart": false
  }
]