[
  {
    "listId": "334bfb8b-3253-4537-8118-d36c32938e8f",
    "name": "Browsing",
    "type": "localApp",
    "description": "Local App List for Browsing",
    "entries": [
      {
        "app": "netflix"
      }
    ],
    "lastUpdated": 1652445784617,
    "owner": "system",
    "readOnly": true,
    "version": "1.0",
    "infoTag": "",
    "referenceCount": 0,
    "references": [],
    "isActivatedByVsmart": false
  },
  {
    "listId": "96d1174e-5855-477a-8988-2b608af9cddf",
    "name": "Yahoo",
    "type": "localApp",
    "description": "Local App List for Yahoo",
    "entries": [
      {
        "app": "yahoo"
      },
      {
        "app": "yahoo-messenger-video"
      }
    ],
    "lastUpdated": 1652445784793,
    "owner": "system",
    "readOnly": true,
    "version": "1.0",
    "infoTag": "",
    "referenceCount": 0,
    "references": [],
    "isActivatedByVsmart": false
  },
  {
    "listId": "15fc4892-1da7-431a-9190-f9164d0ccbfa",
    "name": "ICMP",
    "type": "localApp",
    "description": "Local App List for ICMP",
    "entries": [
      {
        "app": "icmp"
      }
    ],
    "lastUpdated": 1652445785419,
    "owner": "system",
    "readOnly": true,
    "version": "1.0",
    "infoTag": "",
    "referenceCount": 0,
    "references": [],
    "isActivatedByVsmart": false
  }
]