[
  {
    "listId": "237b9fc9-02d2-400f-b8a7-a8af3f09c288",
    "name": "box_net_apps",
    "type": "app",
    "description": "SaaS App List for Box Net",
    "entries": [
      {
        "app": "box"
      }
    ],
    "lastUpdated": 1652385130568,
    "owner": "system",
    "readOnly": true,
    "version": "2.0",
    "infoTag": "",
    "referenceCount": 0,
    "references": [],
    "isActivatedByVsmart": false
  },
  {
    "listId": "f59a8835-02e0-4215-9658-7d540d21b56f",
    "name": "amazon_aws_apps",
    "type": "app",
    "description": "SaaS App List for Amazon AWS",
    "entries": [
      {
        "app": "amazon"
      },
      {
        "app": "amazon-web-services"
      },
      {
        "app": "amazon-instant-video"
      },
      {
        "app": "amazon-cloudfront"
      },
      {
        "app": "amazon-ec2"
      },
      {
        "app": "amazon-s3"
      }
    ],
    "lastUpdated": 1652385130901,
    "owner": "system",
    "readOnly": true,
    "version": "3.0",
    "infoTag": "",
    "referenceCount": 0,
    "references": [],
    "isActivatedByVsmart": false
  },
  {
    "listId": "c8633957-fb5c-4ef7-a628-b51a2c2a63c9",
    "name": "oracle_apps",
    "type": "app",
    "description": "SaaS App List for Oracle",
    "entries": [
      {
        "app": "oracle"
      },
      {
        "app": "oracle-bi"
      },
      {
        "app": "oracle-ebsuite-unsecured"
      },
      {
        "app": "oracle-sqlnet"
      },
      {
        "app": "oraclenames"
      },
      {
        "app": "oraclenet8cman"
      }
    ],
    "lastUpdated": 1652385130999,
    "owner": "system",
    "readOnly": true,
    "version": "3.1",
    "infoTag": "",
    "referenceCount": 0,
    "references": [],
    "isActivatedByVsmart": false
  },
  {
    "listId": "10d55038-ba2b-4275-9b81-853ce86b9379",
    "name": "Microsoft_Apps",
    "type": "app",
    "description": "Microsoft Applications List",
    "entries": [
      {
        "app": "bing"
      },
      {
        "app": "hockeyapp"
      },
      {
        "app": "live_hotmail"
      },
      {
        "app": "lync"
      },
      {
        "app": "lync_online"
      },
      {
        "app": "ms-services"
      },
      {
        "app": "ms_translator"
      },
      {
        "app": "ms-office-365"
      },
      {
        "app": "share-point"
      },
      {
        "app": "skydrive"
      },
      {
        "app": "skype"
      },
      {
        "app": "windows_azure"
      },
      {
        "app": "windows-azure"
      },
      {
        "app": "windows_update"
      },
      {
        "app": "windows_marketplace"
      },
      {
        "app": "windowslive"
      },
      {
        "app": "windowslivespace"
      },
      {
        "app": "windowsmedia"
      },
      {
        "app": "xbox"
      },
      {
        "app": "xbox_music"
      },
      {
        "app": "xbox_video"
      },
      {
        "app": "xboxlive"
      },
      {
        "app": "xboxlive_marketplace"
      },
      {
        "app": "word_online"
      },
      {
        "app": "powerpoint_online"
      },
      {
        "app": "ms-lync"
      },
      {
        "app": "ms-lync-audio"
      },
      {
        "app": "ms-lync-control"
      },
      {
        "app": "ms-lync-video"
      },
      {
        "app": "ms-update"
      },
      {
        "app": "outlook-web-service"
      }
    ],
    "lastUpdated": 1652445785243,
    "owner": "system",
    "readOnly": true,
    "version": "4.2",
    "infoTag": "",
    "referenceCount": 0,
    "references": [],
    "isActivatedByVsmart": false
  },
  {
    "listId": "4cf84f9f-aa74-4931-bcc3-5c708fb7658f",
    "name": "zoho_crm_apps",
    "type": "app",
    "description": "SaaS App List for Zoho CRM",
    "entries": [
      {
        "app": "zoho-services"
      }
    ],
    "lastUpdated": 1652385131640,
    "owner": "system",
    "readOnly": true,
    "version": "3.0",
    "infoTag": "",
    "referenceCount": 0,
    "references": [],
    "isActivatedByVsmart": false
  },
  {
    "listId": "a2e2ba41-6720-4478-83d9-2c9d8de16c11",
    "name": "sugar_crm_apps",
    "type": "app",
    "description": "SaaS App List for Sugar CRM",
    "entries": [
      {
        "app": "sugarcrm"
      }
    ],
    "lastUpdated": 1652385131320,
    "owner": "system",
    "readOnly": true,
    "version": "3.0",
    "infoTag": "",
    "referenceCount": 0,
    "references": [],
    "isActivatedByVsmart": false
  },
  {
    "listId": "bc1407e9-f000-4da6-8ac4-cd0d5245e499",
    "name": "gotomeeting_apps",
    "type": "app",
    "description": "SaaS App List for Gotomeeting",
    "entries": [
      {
        "app": "citrix"
      },
      {
        "app": "gotomeeting"
      }
    ],
    "lastUpdated": 1652385131405,
    "owner": "system",
    "readOnly": true,
    "version": "3.0",
    "infoTag": "",
    "referenceCount": 0,
    "references": [],
    "isActivatedByVsmart": false
  },
  {
    "listId": "e4a2a390-9a6f-4a94-9f0c-52229eee9779",
    "name": "Google_Apps",
    "type": "app",
    "description": "Google Applications List",
    "entries": [
      {
        "app": "android-updates"
      },
      {
        "app": "blogger"
      },
      {
        "app": "chrome_update"
      },
      {
        "app": "gcs"
      },
      {
        "app": "gmail"
      },
      {
        "app": "gmail_basic"
      },
      {
        "app": "gmail_chat"
      },
      {
        "app": "gmail_drive"
      },
      {
        "app": "gmail_mobile"
      },
      {
        "app": "google-services"
      },
      {
        "app": "google-services-audio"
      },
      {
        "app": "google-services-media"
      },
      {
        "app": "google-services-video"
      },
      {
        "app": "google_accounts"
      },
      {
        "app": "google_ads"
      },
      {
        "app": "google_analytics"
      },
      {
        "app": "google_appengine"
      },
      {
        "app": "google_cache"
      },
      {
        "app": "google_calendar"
      },
      {
        "app": "google_code"
      },
      {
        "app": "google_desktop"
      },
      {
        "app": "google_docs"
      },
      {
        "app": "google-docs"
      },
      {
        "app": "google-downloads"
      },
      {
        "app": "google_earth"
      },
      {
        "app": "google-earth"
      },
      {
        "app": "google_groups"
      },
      {
        "app": "google_maps"
      },
      {
        "app": "google_photos"
      },
      {
        "app": "google_picasa"
      },
      {
        "app": "picasa"
      },
      {
        "app": "google-photos"
      },
      {
        "app": "google-play"
      },
      {
        "app": "google_plus"
      },
      {
        "app": "google-plus"
      },
      {
        "app": "google_safebrowsing"
      },
      {
        "app": "google_skymap"
      },
      {
        "app": "google_spaces"
      },
      {
        "app": "google_tags"
      },
      {
        "app": "google_toolbar"
      },
      {
        "app": "google_translate"
      },
      {
        "app": "google_trusted_store"
      },
      {
        "app": "google_weblight"
      },
      {
        "app": "googlebot"
      },
      {
        "app": "gstatic"
      },
      {
        "app": "gtalk"
      },
      {
        "app": "gtalk-chat"
      },
      {
        "app": "gtalk-ft"
      },
      {
        "app": "gtalk-video"
      },
      {
        "app": "gtalk-voip"
      },
      {
        "app": "hangouts"
      },
      {
        "app": "hangouts-audio"
      },
      {
        "app": "hangouts-chat"
      },
      {
        "app": "hangouts-file-transfer"
      },
      {
        "app": "hangouts-media"
      },
      {
        "app": "hangouts-video"
      },
      {
        "app": "youtube"
      },
      {
        "app": "youtube_hd"
      }
    ],
    "lastUpdated": 1652445784526,
    "owner": "system",
    "readOnly": true,
    "version": "4.3",
    "infoTag": "",
    "referenceCount": 0,
    "references": [],
    "isActivatedByVsmart": false
  },
  {
    "listId": "5afae18f-b77d-4264-aff4-1ff9fb84395c",
    "name": "salesforce_apps",
    "type": "app",
    "description": "SaaS App List for Salesforce",
    "entries": [
      {
        "app": "salesforce"
      }
    ],
    "lastUpdated": 1652385131713,
    "owner": "system",
    "readOnly": true,
    "version": "2.0",
    "infoTag": "",
    "referenceCount": 0,
    "references": [],
    "isActivatedByVsmart": false
  },
  {
    "listId": "c7549cea-c8c0-4ce2-b391-2f5abea29455",
    "name": "concur_apps",
    "type": "app",
    "description": "SaaS App List for Concur",
    "entries": [
      {
        "app": "concur"
      }
    ],
    "lastUpdated": 1652385131784,
    "owner": "system",
    "readOnly": true,
    "version": "3.0",
    "infoTag": "",
    "referenceCount": 0,
    "references": [],
    "isActivatedByVsmart": false
  },
  {
    "listId": "87bee5e7-c7cb-4c20-8fd6-7854a0c625bf",
    "name": "zendesk_apps",
    "type": "app",
    "description": "SaaS App List for Zendesk",
    "entries": [
      {
        "app": "zendesk"
      }
    ],
    "lastUpdated": 1652385131852,
    "owner": "system",
    "readOnly": true,
    "version": "2.0",
    "infoTag": "",
    "referenceCount": 0,
    "references": [],
    "isActivatedByVsmart": false
  },
  {
    "listId": "30096b01-c562-4f1c-8034-f975f8f2bc0f",
    "name": "dropbox_apps",
    "type": "app",
    "description": "SaaS App List for Dropbox",
    "entries": [
      {
        "app": "dropbox"
      }
    ],
    "lastUpdated": 1652385131954,
    "owner": "system",
    "readOnly": true,
    "version": "2.0",
    "infoTag": "",
    "referenceCount": 0,
    "references": [],
    "isActivatedByVsmart": false
  },
  {
    "listId": "a91c1d01-d0df-46f5-87b1-d778d1fb18d5",
    "name": "intuit_apps",
    "type": "app",
    "description": "SaaS App List for Intuit",
    "entries": [
      {
        "app": "intuit"
      }
    ],
    "lastUpdated": 1652385132034,
    "owner": "system",
    "readOnly": true,
    "version": "3.0",
    "infoTag": "",
    "referenceCount": 0,
    "references": [],
    "isActivatedByVsmart": false
  },
  {
    "listId": "08de68fe-a5e7-4802-9dd6-fc9b251101cc",
    "name": "office365_apps",
    "type": "app",
    "description": "SaaS App List for Office365",
    "entries": [
      {
        "app": "ms-live-accounts"
      },
      {
        "app": "ms-lync"
      },
      {
        "app": "ms-lync-audio"
      },
      {
        "app": "ms-lync-control"
      },
      {
        "app": "ms-lync-video"
      },
      {
        "app": "ms-office-365"
      },
      {
        "app": "ms-office-web-apps"
      },
      {
        "app": "ms-services"
      },
      {
        "app": "ms-teams"
      },
      {
        "app": "ms-teams-audio"
      },
      {
        "app": "ms-teams-media"
      },
      {
        "app": "ms-teams-video"
      },
      {
        "app": "ms-update"
      },
      {
        "app": "outlook-web-service"
      },
      {
        "app": "share-point"
      },
      {
        "app": "skydrive"
      },
      {
        "app": "skype"
      }
    ],
    "lastUpdated": 1652385132122,
    "owner": "system",
    "readOnly": true,
    "version": "3.0",
    "infoTag": "",
    "referenceCount": 0,
    "references": [],
    "isActivatedByVsmart": false
  },
  {
    "listId": "3e23c593-2369-4d42-a738-07a1a4a88551",
    "name": "REAL_TIME_APPS",
    "type": "app",
    "description": "Real Time Applications List",
    "entries": [
      {
        "app": "sip"
      },
      {
        "app": "rtp"
      },
      {
        "app": "skinny"
      }
    ],
    "lastUpdated": 1652445784016,
    "owner": "system",
    "readOnly": true,
    "version": "1.0",
    "infoTag": "",
    "referenceCount": 0,
    "references": [],
    "isActivatedByVsmart": false
  },
  {
    "listId": "d91d0b3a-2f46-414f-94b7-4dd4d74c42e5",
    "name": "APP_Scavengers",
    "type": "app",
    "description": "Scavengers Applications List",
    "entries": [
      {
        "app": "apple-updates"
      },
      {
        "app": "apple-services"
      },
      {
        "app": "twitter"
      },
      {
        "app": "instagram"
      },
      {
        "app": "youtube"
      },
      {
        "app": "amazon-instant-video"
      }
    ],
    "lastUpdated": 1652445784695,
    "owner": "system",
    "readOnly": true,
    "version": "1.0",
    "infoTag": "",
    "referenceCount": 0,
    "references": [],
    "isActivatedByVsmart": false
  },
  {
    "listId": "3b09d0ec-4fe0-4524-a533-bd7c24fd5766",
    "name": "APP_BULK_DATA",
    "type": "app",
    "description": "Bulk Data Applications List",
    "entries": [
      {
        "app": "ftp"
      },
      {
        "app": "ftp-data"
      },
      {
        "app": "cisco-jabber-im"
      },
      {
        "app": "netblt"
      },
      {
        "app": "rsync"
      }
    ],
    "lastUpdated": 1652445784977,
    "owner": "system",
    "readOnly": true,
    "version": "1.0",
    "infoTag": "",
    "referenceCount": 0,
    "references": [],
    "isActivatedByVsmart": false
  },
  {
    "listId": "7b4e8bdc-e31a-4461-b7dd-635f16b3ec50",
    "name": "VIDEO_CONF",
    "type": "app",
    "description": "Video Conference Applications List",
    "entries": [
      {
        "app": "rtp"
      }
    ],
    "lastUpdated": 1652445785482,
    "owner": "system",
    "readOnly": true,
    "version": "1.0",
    "infoTag": "",
    "referenceCount": 0,
    "references": [],
    "isActivatedByVsmart": false
  },
  {
    "listId": "8085a584-8d7e-4c42-a21c-5f5cede50a3b",
    "name": "WEB_TOOLS_APP",
    "type": "app",
    "description": "Web Tools Applications List",
    "entries": [
      {
        "app": "http"
      },
      {
        "app": "https"
      },
      {
        "app": "sshell"
      }
    ],
    "lastUpdated": 1652445785562,
    "owner": "system",
    "readOnly": true,
    "version": "1.0",
    "infoTag": "",
    "referenceCount": 0,
    "references": [],
    "isActivatedByVsmart": false
  },
  {
    "listId": "1b586d92-be08-452c-97ff-cf78500817fc",
    "name": "MSX-BULK-DATA-3920ee",
    "type": "app",
    "description": "",
    "entries": [
      {
        "app": "qbikgdp"
      },
      {
        "app": "urm"
      },
      {
        "app": "mapi"
      },
      {
        "app": "time"
      },
      {
        "app": "mumps"
      },
      {
        "app": "rsvp-encap-2"
      },
      {
        "app": "bmpp"
      },
      {
        "app": "bacnet"
      },
      {
        "app": "synoptics-trap"
      },
      {
        "app": "secure-ldap"
      },
      {
        "app": "demandware"
      },
      {
        "app": "uucp-rlogin"
      },
      {
        "app": "shrinkwrap"
      },
      {
        "app": "epmap"
      },
      {
        "app": "ping"
      },
      {
        "app": "http-local-net"
      },
      {
        "app": "novastorbakcup"
      },
      {
        "app": "gss-http"
      },
      {
        "app": "at-nbp"
      },
      {
        "app": "echo"
      },
      {
        "app": "sgmp"
      },
      {
        "app": "sqlexec"
      },
      {
        "app": "re-mail-ck"
      },
      {
        "app": "server-ipx"
      },
      {
        "app": "entrust-kmsh"
      },
      {
        "app": "sntp-heartbeat"
      },
      {
        "app": "erpc"
      },
      {
        "app": "ddm-ssl"
      },
      {
        "app": "mdns"
      },
      {
        "app": "db-service"
      },
      {
        "app": "afpovertcp"
      },
      {
        "app": "netapp-snapmirror"
      },
      {
        "app": "hmmp-ind"
      },
      {
        "app": "sqlserv"
      },
      {
        "app": "cisco-jabber-im"
      },
      {
        "app": "dicom"
      },
      {
        "app": "daytime"
      },
      {
        "app": "purenoise"
      },
      {
        "app": "netflow"
      },
      {
        "app": "asip-webadmin"
      },
      {
        "app": "xns-auth"
      },
      {
        "app": "cycleserv2"
      },
      {
        "app": "xact-backup"
      },
      {
        "app": "timed"
      },
      {
        "app": "ms-sql-m"
      },
      {
        "app": "dhcpv6"
      },
      {
        "app": "cisco-tna"
      },
      {
        "app": "secure-imap"
      },
      {
        "app": "dns"
      },
      {
        "app": "aminet"
      },
      {
        "app": "sco-inetmgr"
      },
      {
        "app": "nicname"
      },
      {
        "app": "gds_db"
      },
      {
        "app": "sqlserver"
      },
      {
        "app": "cdc"
      },
      {
        "app": "ptp-event"
      },
      {
        "app": "ingres-net"
      },
      {
        "app": "dingtalk"
      },
      {
        "app": "ms-office-365"
      },
      {
        "app": "zoho-services"
      },
      {
        "app": "netrjs-1"
      },
      {
        "app": "at-echo"
      },
      {
        "app": "auth-service"
      },
      {
        "app": "dhcpv6-server"
      },
      {
        "app": "cisco-umbrella"
      },
      {
        "app": "nest-protocol"
      },
      {
        "app": "radius"
      },
      {
        "app": "hmmp-op"
      },
      {
        "app": "pop2"
      },
      {
        "app": "statsrv"
      },
      {
        "app": "secure-telnet"
      },
      {
        "app": "ms-win-dns"
      },
      {
        "app": "rsh-spx"
      },
      {
        "app": "pop3"
      },
      {
        "app": "fln-spx"
      },
      {
        "app": "cisco-ip-sla"
      },
      {
        "app": "srmp"
      },
      {
        "app": "mailq"
      },
      {
        "app": "aruba-papi"
      },
      {
        "app": "oraclenames"
      },
      {
        "app": "tapeware"
      },
      {
        "app": "nsiiops"
      },
      {
        "app": "corba-iiop"
      },
      {
        "app": "at-zis"
      },
      {
        "app": "llmnr"
      },
      {
        "app": "compressnet"
      },
      {
        "app": "xmpp-client"
      },
      {
        "app": "whoami"
      },
      {
        "app": "src"
      },
      {
        "app": "active-directory"
      },
      {
        "app": "cisco-sd-avc"
      },
      {
        "app": "ctf"
      },
      {
        "app": "dhcpv6-client"
      },
      {
        "app": "gkrellm"
      },
      {
        "app": "submission"
      },
      {
        "app": "sql-net"
      },
      {
        "app": "hp-managed-node"
      },
      {
        "app": "mysql"
      },
      {
        "app": "tempo"
      },
      {
        "app": "groupwise"
      },
      {
        "app": "telnet"
      },
      {
        "app": "mfcobol"
      },
      {
        "app": "imap"
      },
      {
        "app": "tacacs"
      },
      {
        "app": "ipass"
      },
      {
        "app": "smtp"
      },
      {
        "app": "new-rwho"
      },
      {
        "app": "locus-map"
      },
      {
        "app": "sco-sysmgr"
      },
      {
        "app": "nlogin"
      },
      {
        "app": "opalis-robot"
      },
      {
        "app": "qq-accounts"
      },
      {
        "app": "dbase"
      },
      {
        "app": "osu-nms"
      },
      {
        "app": "cisco-cta"
      },
      {
        "app": "914c/g"
      },
      {
        "app": "crs"
      },
      {
        "app": "hostname"
      },
      {
        "app": "entrust-sps"
      },
      {
        "app": "npmp-gui"
      },
      {
        "app": "net8-cman"
      },
      {
        "app": "ocsp"
      },
      {
        "app": "odmr"
      },
      {
        "app": "picasa"
      },
      {
        "app": "kerberos-adm"
      },
      {
        "app": "mac-srvr-admin"
      },
      {
        "app": "dhcp-failover2"
      },
      {
        "app": "sco-dtmgr"
      },
      {
        "app": "ms-office-web-apps"
      },
      {
        "app": "ora-srv"
      },
      {
        "app": "masqdialer"
      },
      {
        "app": "rda"
      },
      {
        "app": "kshell"
      },
      {
        "app": "jabber"
      },
      {
        "app": "mrm"
      },
      {
        "app": "mail-service"
      },
      {
        "app": "auditd"
      },
      {
        "app": "xns-courier"
      },
      {
        "app": "ddm-dfm"
      },
      {
        "app": "rescap"
      },
      {
        "app": "sqli"
      },
      {
        "app": "oracle-sqlnet"
      },
      {
        "app": "supdup"
      },
      {
        "app": "ncp"
      },
      {
        "app": "shell"
      },
      {
        "app": "decvms-sysmgt"
      },
      {
        "app": "msft-gc"
      },
      {
        "app": "apple-tv-updates"
      },
      {
        "app": "bb"
      },
      {
        "app": "ha-cluster"
      },
      {
        "app": "sunrpc"
      },
      {
        "app": "box"
      },
      {
        "app": "hl7"
      },
      {
        "app": "cmip-agent"
      },
      {
        "app": "passgo-tivoli"
      },
      {
        "app": "go-login"
      },
      {
        "app": "sqlnet"
      },
      {
        "app": "ldap"
      },
      {
        "app": "entrust-aams"
      },
      {
        "app": "netbios-ns"
      },
      {
        "app": "ms-live-accounts"
      },
      {
        "app": "cassandra"
      },
      {
        "app": "qmtp"
      },
      {
        "app": "entrust-ash"
      },
      {
        "app": "netviewdm1"
      },
      {
        "app": "hassle"
      },
      {
        "app": "iiop"
      },
      {
        "app": "oracle-bi"
      },
      {
        "app": "legent-1"
      },
      {
        "app": "nas"
      },
      {
        "app": "pwdgen"
      },
      {
        "app": "vpps-qua"
      },
      {
        "app": "monitor"
      },
      {
        "app": "ipcserver"
      },
      {
        "app": "coauthor"
      },
      {
        "app": "sun-dr"
      },
      {
        "app": "smsp"
      },
      {
        "app": "acap"
      },
      {
        "app": "nqs"
      },
      {
        "app": "codaauth2"
      },
      {
        "app": "novadigm"
      },
      {
        "app": "clearcase"
      },
      {
        "app": "rsync"
      },
      {
        "app": "nxedit"
      },
      {
        "app": "qmqp"
      },
      {
        "app": "xdmcp"
      },
      {
        "app": "salesforce"
      },
      {
        "app": "ibm-db2"
      },
      {
        "app": "stuns"
      },
      {
        "app": "bluehost"
      },
      {
        "app": "backup-service"
      },
      {
        "app": "mindtouch"
      },
      {
        "app": "nextstep"
      },
      {
        "app": "outlook-web-service"
      },
      {
        "app": "lanserver"
      },
      {
        "app": "lotus-notes"
      },
      {
        "app": "msexch-routing"
      },
      {
        "app": "login"
      },
      {
        "app": "hello-port"
      },
      {
        "app": "exec"
      },
      {
        "app": "chargen"
      },
      {
        "app": "snmp"
      },
      {
        "app": "rmonitor"
      },
      {
        "app": "fcp"
      },
      {
        "app": "nmap"
      },
      {
        "app": "xns-ch"
      },
      {
        "app": "webex-app-sharing"
      },
      {
        "app": "dcp"
      },
      {
        "app": "sco-websrvrmg3"
      },
      {
        "app": "cisco-nmsp"
      },
      {
        "app": "corba-iiop-ssl"
      },
      {
        "app": "mongo"
      },
      {
        "app": "esro-gen"
      },
      {
        "app": "rje"
      },
      {
        "app": "ms-dynamics-crm-online"
      },
      {
        "app": "pkix-3-ca-ra"
      },
      {
        "app": "kpasswd"
      },
      {
        "app": "ni-mail"
      },
      {
        "app": "passgo"
      },
      {
        "app": "igmp"
      },
      {
        "app": "cmip-man"
      },
      {
        "app": "ulp"
      },
      {
        "app": "dhcp-failover"
      },
      {
        "app": "cisco-stealthwatch"
      },
      {
        "app": "cisco-rtmt"
      },
      {
        "app": "finger"
      },
      {
        "app": "quotad"
      },
      {
        "app": "ms-netlogon"
      },
      {
        "app": "ntp"
      },
      {
        "app": "alpes"
      },
      {
        "app": "chshell"
      },
      {
        "app": "sshell"
      },
      {
        "app": "basecamp"
      },
      {
        "app": "icmp"
      },
      {
        "app": "netviewdm3"
      },
      {
        "app": "orbix-loc-ssl"
      },
      {
        "app": "siebel-crm"
      },
      {
        "app": "imsp"
      },
      {
        "app": "cisco-nac"
      },
      {
        "app": "rlp"
      },
      {
        "app": "postgresql"
      },
      {
        "app": "utime"
      },
      {
        "app": "rdb-dbs-disp"
      },
      {
        "app": "netrjs-2"
      },
      {
        "app": "decauth"
      },
      {
        "app": "uucp"
      },
      {
        "app": "auth"
      },
      {
        "app": "tlisrv"
      },
      {
        "app": "ssl-local-net"
      },
      {
        "app": "password-chg"
      },
      {
        "app": "orbix-cfg-ssl"
      },
      {
        "app": "eudora-set"
      },
      {
        "app": "pkix-timestamp"
      },
      {
        "app": "smartpackets"
      },
      {
        "app": "oraclenet8cman"
      },
      {
        "app": "sgmp-traps"
      },
      {
        "app": "netbios-ssn"
      },
      {
        "app": "orbix-config"
      },
      {
        "app": "cisco-sys"
      },
      {
        "app": "xns-time"
      },
      {
        "app": "msft-gc-ssl"
      },
      {
        "app": "hp-alarm-mgr"
      },
      {
        "app": "dnsix"
      },
      {
        "app": "semantix"
      },
      {
        "app": "x-bone-ctl"
      },
      {
        "app": "netbios-dgm"
      },
      {
        "app": "ms-olap"
      },
      {
        "app": "adp"
      },
      {
        "app": "netsuite"
      },
      {
        "app": "sqlsrv"
      },
      {
        "app": "traceroute-linux"
      },
      {
        "app": "cisco-cmx"
      },
      {
        "app": "nsrmp"
      },
      {
        "app": "synotics-relay"
      },
      {
        "app": "csnet-ns"
      },
      {
        "app": "sugarcrm"
      },
      {
        "app": "cycleserv"
      },
      {
        "app": "secure-smtp"
      },
      {
        "app": "elcsd"
      },
      {
        "app": "share-point"
      },
      {
        "app": "netviewdm2"
      },
      {
        "app": "http-rpc-epmap"
      },
      {
        "app": "z39.50"
      },
      {
        "app": "dhcp"
      },
      {
        "app": "workday"
      },
      {
        "app": "keyserver"
      },
      {
        "app": "xns-mail"
      },
      {
        "app": "ms-rpc"
      },
      {
        "app": "cvc_hostd"
      },
      {
        "app": "klogin"
      },
      {
        "app": "iso-tsap"
      },
      {
        "app": "hdap"
      },
      {
        "app": "cisco-controller"
      },
      {
        "app": "agentx"
      },
      {
        "app": "ms-iis"
      },
      {
        "app": "ptp"
      },
      {
        "app": "sdnskmp"
      },
      {
        "app": "dwr"
      },
      {
        "app": "snare"
      },
      {
        "app": "syslog"
      },
      {
        "app": "netrjs-3"
      },
      {
        "app": "iperf"
      },
      {
        "app": "rmt"
      },
      {
        "app": "rrp"
      },
      {
        "app": "ndmp"
      },
      {
        "app": "sco-websrvrmgr"
      },
      {
        "app": "cryptoadmin"
      },
      {
        "app": "pearson"
      },
      {
        "app": "name"
      },
      {
        "app": "sap"
      },
      {
        "app": "hp-collector"
      },
      {
        "app": "ndsauth"
      },
      {
        "app": "td-replica"
      },
      {
        "app": "lockd"
      },
      {
        "app": "rtelnet"
      },
      {
        "app": "rsvp-encap-1"
      },
      {
        "app": "dn6-nlm-aud"
      },
      {
        "app": "http-mgmt"
      },
      {
        "app": "entrust-aaas"
      },
      {
        "app": "jira"
      },
      {
        "app": "secure-pop3"
      },
      {
        "app": "kerberos"
      },
      {
        "app": "acp"
      },
      {
        "app": "exchange"
      },
      {
        "app": "proxy-server"
      },
      {
        "app": "slack"
      },
      {
        "app": "ddm-rdb"
      },
      {
        "app": "locus-con"
      },
      {
        "app": "synotics-broker"
      },
      {
        "app": "ssh"
      },
      {
        "app": "orbix-locator"
      },
      {
        "app": "rsvp"
      },
      {
        "app": "oracle-ebsuite-unsecured"
      },
      {
        "app": "npmp-trap"
      },
      {
        "app": "perforce"
      },
      {
        "app": "systat"
      },
      {
        "app": "synergy"
      },
      {
        "app": "distcc"
      },
      {
        "app": "websense"
      },
      {
        "app": "asipregistry"
      },
      {
        "app": "whois++"
      },
      {
        "app": "netware-ip"
      },
      {
        "app": "cpq-wbem"
      },
      {
        "app": "photuris"
      },
      {
        "app": "ulistproc"
      },
      {
        "app": "iscsi"
      },
      {
        "app": "npmp-local"
      }
    ],
    "lastUpdated": 1654107667312,
    "owner": "admin",
    "readOnly": false,
    "version": "0",
    "infoTag": "",
    "referenceCount": 1,
    "references": [
      {
        "id": "9c54d0cf-6ed0-49bc-b0b2-85f9457fe302",
        "type": "data"
      }
    ],
    "activatedId": [
      "18200495-5b79-4dbe-bf2c-f42736ff8229"
    ],
    "isActivatedByVsmart": true
  },
  {
    "listId": "39229161-99ee-4c60-b9cc-03a1e63d7743",
    "name": "MSX-INTERACTIVE-VIDEO-3920ee",
    "type": "app",
    "description": "",
    "entries": [
      {
        "app": "conferencing"
      },
      {
        "app": "adobe-connect"
      },
      {
        "app": "ms-teams-media"
      },
      {
        "app": "circuit-audio"
      },
      {
        "app": "jive-software"
      },
      {
        "app": "pcoip"
      },
      {
        "app": "itunes-video"
      },
      {
        "app": "ringcentral"
      },
      {
        "app": "webex-video"
      },
      {
        "app": "circuit"
      },
      {
        "app": "cisco-jabber-video"
      },
      {
        "app": "gotomeeting"
      },
      {
        "app": "webex-audio"
      },
      {
        "app": "zoom-meetings"
      },
      {
        "app": "cisco-phone"
      },
      {
        "app": "ringcentral-video"
      },
      {
        "app": "webex-meeting"
      },
      {
        "app": "cisco-collab-video"
      },
      {
        "app": "circuit-media"
      },
      {
        "app": "circuit-video"
      },
      {
        "app": "cisco-phone-video"
      },
      {
        "app": "ringcentral-control"
      },
      {
        "app": "ms-teams"
      },
      {
        "app": "ms-teams-app-sharing"
      },
      {
        "app": "ms-lync-video"
      },
      {
        "app": "voov-meeting"
      },
      {
        "app": "webex-media"
      },
      {
        "app": "jabber-video"
      },
      {
        "app": "ms-teams-audio"
      },
      {
        "app": "ringcentral-media"
      },
      {
        "app": "rtp"
      },
      {
        "app": "ms-teams-video"
      },
      {
        "app": "dingtalk-media"
      },
      {
        "app": "cisco-phone-media"
      },
      {
        "app": "cisco-spark"
      },
      {
        "app": "cisco-spark-media"
      },
      {
        "app": "slack-media"
      },
      {
        "app": "ringcentral-audio"
      },
      {
        "app": "lifesize"
      },
      {
        "app": "rtp-video"
      },
      {
        "app": "ms-lync"
      },
      {
        "app": "webex-control"
      },
      {
        "app": "conference-server"
      },
      {
        "app": "cisco-spark-video"
      },
      {
        "app": "cisco-collaboration"
      }
    ],
    "lastUpdated": 1654107667371,
    "owner": "admin",
    "readOnly": false,
    "version": "0",
    "infoTag": "",
    "referenceCount": 1,
    "references": [
      {
        "id": "9c54d0cf-6ed0-49bc-b0b2-85f9457fe302",
        "type": "data"
      }
    ],
    "activatedId": [
      "18200495-5b79-4dbe-bf2c-f42736ff8229"
    ],
    "isActivatedByVsmart": true
  },
  {
    "listId": "050965ad-422b-4bdc-be1a-d5f869930309",
    "name": "MSX-NET-CTRL-MGMT-3920ee",
    "type": "app",
    "description": "",
    "entries": [
      {
        "app": "rip"
      },
      {
        "app": "isakmp"
      },
      {
        "app": "olsr"
      },
      {
        "app": "ripng"
      },
      {
        "app": "gacp"
      },
      {
        "app": "aurp"
      },
      {
        "app": "egp"
      },
      {
        "app": "aol-messenger-audio"
      },
      {
        "app": "pim-rp-disc"
      },
      {
        "app": "ospf"
      },
      {
        "app": "igrp"
      },
      {
        "app": "aodv"
      },
      {
        "app": "cisco-sdwan-control"
      },
      {
        "app": "at-rtmp"
      },
      {
        "app": "eigrp"
      },
      {
        "app": "msdp"
      },
      {
        "app": "capwap-control"
      },
      {
        "app": "rrh"
      },
      {
        "app": "namp"
      },
      {
        "app": "pim"
      },
      {
        "app": "idrp"
      },
      {
        "app": "isis"
      },
      {
        "app": "sdrp"
      },
      {
        "app": "bgp"
      },
      {
        "app": "nss-routing"
      },
      {
        "app": "vrrp"
      },
      {
        "app": "pnni"
      },
      {
        "app": "cisco-meraki"
      },
      {
        "app": "mobileip-agent"
      },
      {
        "app": "cisco-fna"
      },
      {
        "app": "bgmp"
      },
      {
        "app": "idpr"
      },
      {
        "app": "ldp"
      },
      {
        "app": "cisco-tdp"
      }
    ],
    "lastUpdated": 1654107667422,
    "owner": "admin",
    "readOnly": false,
    "version": "0",
    "infoTag": "",
    "referenceCount": 1,
    "references": [
      {
        "id": "9c54d0cf-6ed0-49bc-b0b2-85f9457fe302",
        "type": "data"
      }
    ],
    "activatedId": [
      "18200495-5b79-4dbe-bf2c-f42736ff8229"
    ],
    "isActivatedByVsmart": true
  },
  {
    "listId": "5889cc7c-a7a1-42d7-9f50-cfa53930fc64",
    "name": "MSX-CALL-SIGNALING-3920ee",
    "type": "app",
    "description": "",
    "entries": [
      {
        "app": "rtsps"
      },
      {
        "app": "h323"
      },
      {
        "app": "snpp"
      },
      {
        "app": "ms-lync-control"
      },
      {
        "app": "rpc2portmap"
      },
      {
        "app": "cisco-collab-control"
      },
      {
        "app": "ups"
      },
      {
        "app": "cisco-jabber-control"
      },
      {
        "app": "datex-asn"
      },
      {
        "app": "cisco-phone-control"
      },
      {
        "app": "prm-sm"
      },
      {
        "app": "skinny"
      },
      {
        "app": "sip-tls"
      },
      {
        "app": "rsvp_tunnel"
      },
      {
        "app": "h245"
      },
      {
        "app": "tpip"
      },
      {
        "app": "rtcp"
      },
      {
        "app": "prm-nm"
      },
      {
        "app": "sflow"
      },
      {
        "app": "sgcp"
      },
      {
        "app": "spsc"
      },
      {
        "app": "dnp"
      },
      {
        "app": "sip"
      },
      {
        "app": "mgcp"
      },
      {
        "app": "rtsp"
      },
      {
        "app": "svrloc"
      },
      {
        "app": "netvmg-traceroute"
      },
      {
        "app": "ss7ns"
      },
      {
        "app": "h225"
      }
    ],
    "lastUpdated": 1654107667981,
    "owner": "admin",
    "readOnly": false,
    "version": "0",
    "infoTag": "",
    "referenceCount": 1,
    "references": [
      {
        "id": "9c54d0cf-6ed0-49bc-b0b2-85f9457fe302",
        "type": "data"
      }
    ],
    "activatedId": [
      "18200495-5b79-4dbe-bf2c-f42736ff8229"
    ],
    "isActivatedByVsmart": true
  },
  {
    "listId": "3a44a695-9119-4088-8b61-6b75bf50b212",
    "name": "MSX-VOICE-3920ee",
    "type": "app",
    "description": "",
    "entries": [
      {
        "app": "cisco-media-video"
      },
      {
        "app": "cisco-smart-probe"
      },
      {
        "app": "citrix-audio"
      },
      {
        "app": "cisco-collab-audio"
      },
      {
        "app": "jabber-audio"
      },
      {
        "app": "cisco-media-audio"
      },
      {
        "app": "rtp-audio"
      },
      {
        "app": "cisco-jabber-audio"
      },
      {
        "app": "cisco-phone-audio"
      },
      {
        "app": "cisco-spark-audio"
      },
      {
        "app": "ms-lync-audio"
      }
    ],
    "lastUpdated": 1654107668037,
    "owner": "admin",
    "readOnly": false,
    "version": "0",
    "infoTag": "",
    "referenceCount": 1,
    "references": [
      {
        "id": "9c54d0cf-6ed0-49bc-b0b2-85f9457fe302",
        "type": "data"
      }
    ],
    "activatedId": [
      "18200495-5b79-4dbe-bf2c-f42736ff8229"
    ],
    "isActivatedByVsmart": true
  },
  {
    "listId": "70c755f0-52dd-4c97-893b-15517839ba89",
    "name": "MSX-DEFAULT-3920ee",
    "type": "app",
    "description": "",
    "entries": [
      {
        "app": "3com-amp3"
      },
      {
        "app": "schedule-transfer"
      },
      {
        "app": "joomla"
      },
      {
        "app": "infoseek"
      },
      {
        "app": "set"
      },
      {
        "app": "lwapp"
      },
      {
        "app": "datasurfsrv"
      },
      {
        "app": "texar"
      },
      {
        "app": "at-7"
      },
      {
        "app": "acr-nema"
      },
      {
        "app": "crudp"
      },
      {
        "app": "wap-wsp-wtp-s"
      },
      {
        "app": "gtp-user"
      },
      {
        "app": "gridftp"
      },
      {
        "app": "openport"
      },
      {
        "app": "scx-proxy"
      },
      {
        "app": "contentserver"
      },
      {
        "app": "trunk-1"
      },
      {
        "app": "softpc"
      },
      {
        "app": "fc"
      },
      {
        "app": "ibm-app"
      },
      {
        "app": "ptp-general"
      },
      {
        "app": "pov-ray"
      },
      {
        "app": "CAIlic"
      },
      {
        "app": "tradestation"
      },
      {
        "app": "dcn-meas"
      },
      {
        "app": "qotd"
      },
      {
        "app": "worldfusion"
      },
      {
        "app": "sybase"
      },
      {
        "app": "ariel3"
      },
      {
        "app": "avast-antivirus"
      },
      {
        "app": "wccp"
      },
      {
        "app": "uuidgen"
      },
      {
        "app": "amazon-s3"
      },
      {
        "app": "creativeserver"
      },
      {
        "app": "xyplex-mux"
      },
      {
        "app": "rlzdbase"
      },
      {
        "app": "borland-dsj"
      },
      {
        "app": "dangdang"
      },
      {
        "app": "pdap"
      },
      {
        "app": "saft"
      },
      {
        "app": "mcns-sec"
      },
      {
        "app": "cnbc"
      },
      {
        "app": "blackboard-com"
      },
      {
        "app": "statistical-conf-audio"
      },
      {
        "app": "nate-com"
      },
      {
        "app": "apple-location-services"
      },
      {
        "app": "windows-azure"
      },
      {
        "app": "dei-icda"
      },
      {
        "app": "secure-ftp"
      },
      {
        "app": "msg-auth"
      },
      {
        "app": "http-alt"
      },
      {
        "app": "matip-type-b"
      },
      {
        "app": "st"
      },
      {
        "app": "isatap-ipv6-tunneled"
      },
      {
        "app": "itunes-media"
      },
      {
        "app": "http"
      },
      {
        "app": "ipv6inip"
      },
      {
        "app": "mobilip-mn"
      },
      {
        "app": "pvp"
      },
      {
        "app": "sun-nd"
      },
      {
        "app": "ipcomp"
      },
      {
        "app": "clickbank"
      },
      {
        "app": "ms-sms"
      },
      {
        "app": "uaac"
      },
      {
        "app": "zserv"
      },
      {
        "app": "asus"
      },
      {
        "app": "rushd"
      },
      {
        "app": "sonar"
      },
      {
        "app": "t-mobile-web-services"
      },
      {
        "app": "bdp"
      },
      {
        "app": "mcafee-update"
      },
      {
        "app": "dclink"
      },
      {
        "app": "usbank"
      },
      {
        "app": "merit-inp"
      },
      {
        "app": "mailchimp"
      },
      {
        "app": "connected-backup"
      },
      {
        "app": "binary-over-http"
      },
      {
        "app": "emfis-data"
      },
      {
        "app": "xfer"
      },
      {
        "app": "flash-video"
      },
      {
        "app": "sprite-rpc"
      },
      {
        "app": "device"
      },
      {
        "app": "emfis-cntl"
      },
      {
        "app": "sccp-user-adaptation"
      },
      {
        "app": "citi-bank"
      },
      {
        "app": "apple-push-notification"
      },
      {
        "app": "smux"
      },
      {
        "app": "wap-vcard"
      },
      {
        "app": "utmpsd"
      },
      {
        "app": "rmiregistry"
      },
      {
        "app": "tesla-sys-msg"
      },
      {
        "app": "crashplan"
      },
      {
        "app": "ohimsrv"
      },
      {
        "app": "sm"
      },
      {
        "app": "tftp"
      },
      {
        "app": "ieee-mms"
      },
      {
        "app": "fedex"
      },
      {
        "app": "send"
      },
      {
        "app": "ncld"
      },
      {
        "app": "drudge-report-com"
      },
      {
        "app": "decap"
      },
      {
        "app": "phonebook"
      },
      {
        "app": "il"
      },
      {
        "app": "sitaraserver"
      },
      {
        "app": "ticf-2"
      },
      {
        "app": "apertus-ldp"
      },
      {
        "app": "iso-ill"
      },
      {
        "app": "netsc-dev"
      },
      {
        "app": "dctp"
      },
      {
        "app": "ieee-mms-ssl"
      },
      {
        "app": "tinyurl"
      },
      {
        "app": "digital-vrc"
      },
      {
        "app": "ariel1"
      },
      {
        "app": "vxlan"
      },
      {
        "app": "livestrong-com"
      },
      {
        "app": "an"
      },
      {
        "app": "gre"
      },
      {
        "app": "amanda"
      },
      {
        "app": "vpp"
      },
      {
        "app": "gopher"
      },
      {
        "app": "pcmail-srv"
      },
      {
        "app": "irtp"
      },
      {
        "app": "dls-mon"
      },
      {
        "app": "ippc"
      },
      {
        "app": "maxdb"
      },
      {
        "app": "stmf"
      },
      {
        "app": "meter"
      },
      {
        "app": "con"
      },
      {
        "app": "apc-powerchute"
      },
      {
        "app": "matip-type-a"
      },
      {
        "app": "mcidas"
      },
      {
        "app": "tenfold"
      },
      {
        "app": "pipe"
      },
      {
        "app": "uis"
      },
      {
        "app": "scps"
      },
      {
        "app": "indiegogo"
      },
      {
        "app": "vmnet"
      },
      {
        "app": "teedtap"
      },
      {
        "app": "tn-tl-fd1"
      },
      {
        "app": "vacdsm-sws"
      },
      {
        "app": "bl-idm"
      },
      {
        "app": "surf"
      },
      {
        "app": "ssl"
      },
      {
        "app": "legent-2"
      },
      {
        "app": "cimplex"
      },
      {
        "app": "sift-uft"
      },
      {
        "app": "ocs_amu"
      },
      {
        "app": "iatp"
      },
      {
        "app": "graphics"
      },
      {
        "app": "udplite"
      },
      {
        "app": "decladebug"
      },
      {
        "app": "mfe-nsp"
      },
      {
        "app": "amazon-web-services"
      },
      {
        "app": "skronk"
      },
      {
        "app": "iclcnet_svinfo"
      },
      {
        "app": "multiplex"
      },
      {
        "app": "ginad"
      },
      {
        "app": "inbusiness"
      },
      {
        "app": "maitrd"
      },
      {
        "app": "wap-pushsecure"
      },
      {
        "app": "visa"
      },
      {
        "app": "rtip"
      },
      {
        "app": "mdc-portmapper"
      },
      {
        "app": "ms-ocs-file-transfer"
      },
      {
        "app": "cvspserver"
      },
      {
        "app": "hp-pdl-datastr"
      },
      {
        "app": "rmc"
      },
      {
        "app": "hmp"
      },
      {
        "app": "wb-mon"
      },
      {
        "app": "rvd"
      },
      {
        "app": "subntbcst_tftp"
      },
      {
        "app": "windows-update"
      },
      {
        "app": "as-servermap"
      },
      {
        "app": "sscopmce"
      },
      {
        "app": "prm"
      },
      {
        "app": "bftp"
      },
      {
        "app": "utmpcd"
      },
      {
        "app": "xns-idp"
      },
      {
        "app": "ticf-1"
      },
      {
        "app": "npp"
      },
      {
        "app": "fujitsu-dev"
      },
      {
        "app": "teredo-ipv6-tunneled"
      },
      {
        "app": "apple-ios-updates"
      },
      {
        "app": "su-mit-tg"
      },
      {
        "app": "covia"
      },
      {
        "app": "ptcnameservice"
      },
      {
        "app": "vacdsm-app"
      },
      {
        "app": "k-block"
      },
      {
        "app": "rdp"
      },
      {
        "app": "swipe"
      },
      {
        "app": "ddx"
      },
      {
        "app": "PUP"
      },
      {
        "app": "micromuse-lm"
      },
      {
        "app": "psrserver"
      },
      {
        "app": "mylex-mapd"
      },
      {
        "app": "mpm"
      },
      {
        "app": "connendp"
      },
      {
        "app": "vmtp"
      },
      {
        "app": "mailbox-lm"
      },
      {
        "app": "repscmd"
      },
      {
        "app": "tns-cml"
      },
      {
        "app": "discover-com"
      },
      {
        "app": "oracle"
      },
      {
        "app": "noaa"
      },
      {
        "app": "tserver"
      },
      {
        "app": "smpnameres"
      },
      {
        "app": "cddbp-alt"
      },
      {
        "app": "ifmp"
      },
      {
        "app": "mtp"
      },
      {
        "app": "opc-job-track"
      },
      {
        "app": "sitaradir"
      },
      {
        "app": "at-8"
      },
      {
        "app": "sat-expak"
      },
      {
        "app": "at-3"
      },
      {
        "app": "godaddy"
      },
      {
        "app": "hems"
      },
      {
        "app": "smartsdp"
      },
      {
        "app": "quic"
      },
      {
        "app": "wap-vcal"
      },
      {
        "app": "cableport-ax"
      },
      {
        "app": "multiling-http"
      },
      {
        "app": "nsfnet-igp"
      },
      {
        "app": "android-updates"
      },
      {
        "app": "crtp"
      },
      {
        "app": "collaborator"
      },
      {
        "app": "ftp-data"
      },
      {
        "app": "metagram"
      },
      {
        "app": "mpm-snd"
      },
      {
        "app": "kickstarter"
      },
      {
        "app": "dsp3270"
      },
      {
        "app": "sftp"
      },
      {
        "app": "tcf"
      },
      {
        "app": "amazon-ec2"
      },
      {
        "app": "video-over-http"
      },
      {
        "app": "isi-gl"
      },
      {
        "app": "larp"
      },
      {
        "app": "microsoftds"
      },
      {
        "app": "bhfhs"
      },
      {
        "app": "openvms-sysipc"
      },
      {
        "app": "indeed-com"
      },
      {
        "app": "bhmds"
      },
      {
        "app": "3com-tsmux"
      },
      {
        "app": "sst"
      },
      {
        "app": "hotels-com"
      },
      {
        "app": "dgp"
      },
      {
        "app": "printer"
      },
      {
        "app": "etherip"
      },
      {
        "app": "activesync"
      },
      {
        "app": "vid"
      },
      {
        "app": "tlsp"
      },
      {
        "app": "pawserv"
      },
      {
        "app": "p10"
      },
      {
        "app": "qrh"
      },
      {
        "app": "ddp"
      },
      {
        "app": "audio-over-http"
      },
      {
        "app": "br-sat-mon"
      },
      {
        "app": "aris"
      },
      {
        "app": "coursera"
      },
      {
        "app": "asa"
      },
      {
        "app": "netrjs-4"
      },
      {
        "app": "rap"
      },
      {
        "app": "unknown"
      },
      {
        "app": "onmux"
      },
      {
        "app": "usps"
      },
      {
        "app": "trunk-2"
      },
      {
        "app": "integra-sme"
      },
      {
        "app": "apple-app-store"
      },
      {
        "app": "apple-updates"
      },
      {
        "app": "cphb"
      },
      {
        "app": "https"
      },
      {
        "app": "ipcv"
      },
      {
        "app": "compaq-peer"
      },
      {
        "app": "virtual-places"
      },
      {
        "app": "wap-wsp-s"
      },
      {
        "app": "applejuice"
      },
      {
        "app": "cisco-sdwan-ipsec"
      },
      {
        "app": "unify"
      },
      {
        "app": "loglogic"
      },
      {
        "app": "iscsi-target"
      },
      {
        "app": "webster"
      },
      {
        "app": "hamachi"
      },
      {
        "app": "esignal"
      },
      {
        "app": "jimdo"
      },
      {
        "app": "entomb"
      },
      {
        "app": "ftp"
      },
      {
        "app": "vnas"
      },
      {
        "app": "swift-rvf"
      },
      {
        "app": "encap"
      },
      {
        "app": "spdy"
      },
      {
        "app": "iso-tp0"
      },
      {
        "app": "web-rtc-audio"
      },
      {
        "app": "dantz"
      },
      {
        "app": "narp"
      },
      {
        "app": "acas"
      },
      {
        "app": "pbs-web-portal"
      },
      {
        "app": "omhs"
      },
      {
        "app": "ipp"
      },
      {
        "app": "objcall"
      },
      {
        "app": "siam"
      },
      {
        "app": "mondex"
      },
      {
        "app": "ggp"
      },
      {
        "app": "banyan-vip"
      },
      {
        "app": "bitly"
      },
      {
        "app": "meregister"
      },
      {
        "app": "csi-sgwp"
      },
      {
        "app": "conduit-com"
      },
      {
        "app": "ljk-login"
      },
      {
        "app": "eventbrite"
      },
      {
        "app": "mit-dov"
      },
      {
        "app": "dls"
      },
      {
        "app": "socks"
      },
      {
        "app": "secure-vmtp"
      },
      {
        "app": "mftp"
      },
      {
        "app": "iax"
      },
      {
        "app": "smakynet"
      },
      {
        "app": "ms-rome"
      },
      {
        "app": "statistical-download"
      },
      {
        "app": "disclose"
      },
      {
        "app": "california-gov"
      },
      {
        "app": "iso-tsap-c2"
      },
      {
        "app": "bhevent"
      },
      {
        "app": "bbnrccmon"
      },
      {
        "app": "datasurfsrvsec"
      },
      {
        "app": "dasp"
      },
      {
        "app": "rsvp-e2e-ignore"
      },
      {
        "app": "ipinip"
      },
      {
        "app": "realm-rusd"
      },
      {
        "app": "cifs"
      },
      {
        "app": "xvttp"
      },
      {
        "app": "print-srv"
      },
      {
        "app": "netsc-prod"
      },
      {
        "app": "at-5"
      },
      {
        "app": "meta5"
      },
      {
        "app": "is99c"
      },
      {
        "app": "shockwave"
      },
      {
        "app": "tell"
      },
      {
        "app": "genrad-mux"
      },
      {
        "app": "emcon"
      },
      {
        "app": "google-services-audio"
      },
      {
        "app": "snp"
      },
      {
        "app": "mpls-in-ip"
      },
      {
        "app": "accessnetwork"
      },
      {
        "app": "ibprotocol"
      },
      {
        "app": "capwap-data"
      },
      {
        "app": "mac-os-x-updates"
      },
      {
        "app": "uti"
      },
      {
        "app": "opalis-rdv"
      },
      {
        "app": "uarps"
      },
      {
        "app": "ttp"
      },
      {
        "app": "ms-stream"
      },
      {
        "app": "iso-tp4"
      },
      {
        "app": "netnews"
      },
      {
        "app": "statistical-p2p"
      },
      {
        "app": "pgm"
      },
      {
        "app": "cfdptkt"
      },
      {
        "app": "wap-wsp-wtp"
      },
      {
        "app": "cadlock"
      },
      {
        "app": "gmtp"
      },
      {
        "app": "mobile"
      },
      {
        "app": "vatp"
      },
      {
        "app": "magenta-logic"
      },
      {
        "app": "institut-sf"
      },
      {
        "app": "amazon-cloudfront"
      },
      {
        "app": "hyperwave-isp"
      },
      {
        "app": "statistical-conf-video"
      },
      {
        "app": "csdn"
      },
      {
        "app": "dsr"
      },
      {
        "app": "iplt"
      },
      {
        "app": "fiver"
      },
      {
        "app": "dtag-ste-sb"
      },
      {
        "app": "nsw-fe"
      },
      {
        "app": "ns"
      },
      {
        "app": "cpnx"
      },
      {
        "app": "obex"
      },
      {
        "app": "td-service"
      },
      {
        "app": "MobilitySrv"
      },
      {
        "app": "omserv"
      },
      {
        "app": "gss-xlicen"
      },
      {
        "app": "ibm-director"
      },
      {
        "app": "remote-kis"
      },
      {
        "app": "rsvd"
      },
      {
        "app": "intrinsa"
      },
      {
        "app": "l2tp"
      },
      {
        "app": "hitachi-spc"
      },
      {
        "app": "netop-remote-control"
      },
      {
        "app": "srssend"
      },
      {
        "app": "skip"
      },
      {
        "app": "smsd"
      },
      {
        "app": "submit"
      },
      {
        "app": "servicenow"
      },
      {
        "app": "ftp-agent"
      },
      {
        "app": "ftps-data"
      },
      {
        "app": "scoi2odialog"
      },
      {
        "app": "spmp"
      },
      {
        "app": "stx"
      },
      {
        "app": "decbsrv"
      },
      {
        "app": "dsfgw"
      },
      {
        "app": "cybercash"
      },
      {
        "app": "ipip"
      },
      {
        "app": "priceline-com"
      },
      {
        "app": "hcp-wismar"
      },
      {
        "app": "intecourier"
      },
      {
        "app": "avocent"
      },
      {
        "app": "gsiftp"
      },
      {
        "app": "rcp"
      },
      {
        "app": "coap"
      },
      {
        "app": "avian"
      },
      {
        "app": "leaf-1"
      },
      {
        "app": "tnETOS"
      },
      {
        "app": "vmware-fdm"
      },
      {
        "app": "iasd"
      },
      {
        "app": "hip"
      },
      {
        "app": "audit"
      },
      {
        "app": "southwest-airlines"
      },
      {
        "app": "ocbinder"
      },
      {
        "app": "ulpnet"
      },
      {
        "app": "american-express"
      },
      {
        "app": "ris-cm"
      },
      {
        "app": "deos"
      },
      {
        "app": "wb-expak"
      },
      {
        "app": "bna"
      },
      {
        "app": "s-net"
      },
      {
        "app": "streettalk"
      },
      {
        "app": "fire"
      },
      {
        "app": "mit-ml-dev"
      },
      {
        "app": "msg-icp"
      },
      {
        "app": "vemmi"
      },
      {
        "app": "commerce"
      },
      {
        "app": "cftp"
      },
      {
        "app": "xdtp"
      },
      {
        "app": "9pfs"
      },
      {
        "app": "snagas"
      },
      {
        "app": "applix"
      },
      {
        "app": "war-rock"
      },
      {
        "app": "google-services-media"
      },
      {
        "app": "heroix-longitude"
      },
      {
        "app": "daum"
      },
      {
        "app": "web-rtc-video"
      },
      {
        "app": "mpm-flags"
      },
      {
        "app": "vslmp"
      },
      {
        "app": "windows-store"
      },
      {
        "app": "cloanto-net-1"
      },
      {
        "app": "pptp"
      },
      {
        "app": "statistical-*"
      },
      {
        "app": "dpsi"
      },
      {
        "app": "vmpwscs"
      },
      {
        "app": "wap-push"
      },
      {
        "app": "iafserver"
      },
      {
        "app": "wap-push-https"
      },
      {
        "app": "vpps-via"
      },
      {
        "app": "discard"
      },
      {
        "app": "rmiactivation"
      },
      {
        "app": "manet"
      },
      {
        "app": "opc-job-start"
      },
      {
        "app": "nvp-ii"
      },
      {
        "app": "wifi-calling"
      },
      {
        "app": "la-maint"
      },
      {
        "app": "sat-mon"
      },
      {
        "app": "escp-ip"
      },
      {
        "app": "netwall"
      },
      {
        "app": "courier"
      },
      {
        "app": "usaa"
      },
      {
        "app": "i-nlsp"
      },
      {
        "app": "mcafee-antivirus"
      },
      {
        "app": "dccp"
      },
      {
        "app": "svn"
      },
      {
        "app": "ocs_cmu"
      },
      {
        "app": "smp"
      },
      {
        "app": "scribd"
      },
      {
        "app": "sctp"
      },
      {
        "app": "ayiya-ipv6-tunneled"
      },
      {
        "app": "teamsound"
      },
      {
        "app": "uucp-path"
      },
      {
        "app": "kis"
      },
      {
        "app": "sur-meas"
      },
      {
        "app": "cab-protocol"
      },
      {
        "app": "mortgageware"
      },
      {
        "app": "ipsec"
      },
      {
        "app": "secure-http"
      },
      {
        "app": "ni-ftp"
      },
      {
        "app": "qft"
      },
      {
        "app": "embl-ndt"
      },
      {
        "app": "mqtt"
      },
      {
        "app": "ms-update"
      },
      {
        "app": "bgs-nsi"
      },
      {
        "app": "scc-sp"
      },
      {
        "app": "powerburst"
      },
      {
        "app": "qnx"
      },
      {
        "app": "google-services"
      },
      {
        "app": "mint-com"
      },
      {
        "app": "arcisdms"
      },
      {
        "app": "modbus"
      },
      {
        "app": "mpp"
      },
      {
        "app": "wap-vcal-s"
      },
      {
        "app": "banyan-rpc"
      },
      {
        "app": "dtls"
      },
      {
        "app": "investopedia"
      },
      {
        "app": "wlccp"
      },
      {
        "app": "chase-bank"
      },
      {
        "app": "arns"
      },
      {
        "app": "intuit"
      },
      {
        "app": "softros-messenger-ft"
      },
      {
        "app": "ms-shuttle"
      },
      {
        "app": "3pc"
      },
      {
        "app": "ariel2"
      },
      {
        "app": "repcmd"
      },
      {
        "app": "corerjd"
      },
      {
        "app": "kayak-com"
      },
      {
        "app": "xnet"
      },
      {
        "app": "scohelp"
      },
      {
        "app": "pump"
      },
      {
        "app": "wsn"
      },
      {
        "app": "ipx-in-ip"
      },
      {
        "app": "business-insider"
      },
      {
        "app": "any-host-internal"
      },
      {
        "app": "leaf-2"
      },
      {
        "app": "fix"
      },
      {
        "app": "jargon"
      },
      {
        "app": "wpgs"
      },
      {
        "app": "sfs-config"
      },
      {
        "app": "sanity"
      },
      {
        "app": "tacnews"
      },
      {
        "app": "personal-link"
      },
      {
        "app": "ocserver"
      },
      {
        "app": "google-services-video"
      },
      {
        "app": "opsmgr"
      },
      {
        "app": "knet-cmp"
      },
      {
        "app": "flexlm"
      },
      {
        "app": "iso-ip"
      },
      {
        "app": "tp++"
      },
      {
        "app": "kryptolan"
      },
      {
        "app": "cbt"
      },
      {
        "app": "nnsp"
      },
      {
        "app": "infusionsoft"
      },
      {
        "app": "pirp"
      },
      {
        "app": "genie"
      },
      {
        "app": "iafdbase"
      },
      {
        "app": "micom-pfs"
      },
      {
        "app": "cvsup"
      },
      {
        "app": "ggf-ncp"
      },
      {
        "app": "videotex"
      },
      {
        "app": "srp"
      },
      {
        "app": "hostgator"
      },
      {
        "app": "fatserv"
      },
      {
        "app": "desknets"
      },
      {
        "app": "aurora-cmgr"
      },
      {
        "app": "dec_dlm"
      },
      {
        "app": "gdomap"
      },
      {
        "app": "ipfix"
      },
      {
        "app": "argus"
      },
      {
        "app": "netgw"
      },
      {
        "app": "google-downloads"
      },
      {
        "app": "ax25"
      },
      {
        "app": "xtp"
      },
      {
        "app": "ansanotify"
      },
      {
        "app": "wap-wsp"
      },
      {
        "app": "unidata-ldm"
      },
      {
        "app": "hyper-g"
      },
      {
        "app": "wikipedia"
      },
      {
        "app": "chaos"
      },
      {
        "app": "servstat"
      },
      {
        "app": "aed-512"
      },
      {
        "app": "dixie"
      },
      {
        "app": "creativepartnr"
      },
      {
        "app": "vsinet"
      },
      {
        "app": "wap-push-http"
      },
      {
        "app": "prezi"
      },
      {
        "app": "stun-nat"
      },
      {
        "app": "anet"
      },
      {
        "app": "wap-vcard-s"
      },
      {
        "app": "mptn"
      },
      {
        "app": "custix"
      },
      {
        "app": "omginitialrefs"
      },
      {
        "app": "asa-appl-proto"
      },
      {
        "app": "prospero"
      },
      {
        "app": "hybrid-pop"
      },
      {
        "app": "checkpoint-cpmi"
      },
      {
        "app": "itm-mcell-s"
      },
      {
        "app": "sps"
      },
      {
        "app": "idfp"
      },
      {
        "app": "netrcs"
      },
      {
        "app": "sixtofour-ipv6-tunneled"
      },
      {
        "app": "font-service"
      },
      {
        "app": "nfs"
      },
      {
        "app": "is99s"
      },
      {
        "app": "zannet"
      },
      {
        "app": "ms-services"
      },
      {
        "app": "filemaker-announcement"
      },
      {
        "app": "dsp"
      },
      {
        "app": "scc-security"
      },
      {
        "app": "iclcnet-locate"
      },
      {
        "app": "comscm"
      },
      {
        "app": "dtk"
      },
      {
        "app": "ipcd"
      },
      {
        "app": "ip-in-ip-tunneled"
      },
      {
        "app": "micp"
      },
      {
        "app": "accessbuilder"
      },
      {
        "app": "mux"
      },
      {
        "app": "groove"
      },
      {
        "app": "profile"
      },
      {
        "app": "adobe-services"
      },
      {
        "app": "ris"
      },
      {
        "app": "tunnel-http"
      },
      {
        "app": "dna-cml"
      },
      {
        "app": "openvpn"
      },
      {
        "app": "ipdd"
      },
      {
        "app": "sfs-smp-net"
      },
      {
        "app": "esro-emsdp"
      },
      {
        "app": "netblt"
      },
      {
        "app": "brighttalk"
      },
      {
        "app": "statcounter"
      },
      {
        "app": "splunk"
      },
      {
        "app": "pftp"
      },
      {
        "app": "ncube-lm"
      },
      {
        "app": "pip"
      },
      {
        "app": "nced"
      },
      {
        "app": "remotefs"
      },
      {
        "app": "rxe"
      },
      {
        "app": "sitaramgmt"
      },
      {
        "app": "tinc"
      }
    ],
    "lastUpdated": 1654107667091,
    "owner": "admin",
    "readOnly": false,
    "version": "0",
    "infoTag": "",
    "referenceCount": 1,
    "references": [
      {
        "id": "9c54d0cf-6ed0-49bc-b0b2-85f9457fe302",
        "type": "data"
      }
    ],
    "activatedId": [
      "18200495-5b79-4dbe-bf2c-f42736ff8229"
    ],
    "isActivatedByVsmart": true
  },
  {
    "listId": "730d5d77-4f23-4b1f-9139-ef026f834381",
    "name": "MSX-SCAVENGER-3920ee",
    "type": "app",
    "description": "",
    "entries": [
      {
        "app": "game-spy"
      },
      {
        "app": "doom"
      },
      {
        "app": "talk"
      },
      {
        "app": "the-atlantic"
      },
      {
        "app": "coupons-com"
      },
      {
        "app": "taringa"
      },
      {
        "app": "mlb-com"
      },
      {
        "app": "soulseek"
      },
      {
        "app": "torrentz"
      },
      {
        "app": "directplay"
      },
      {
        "app": "linkedin"
      },
      {
        "app": "stack-overflow"
      },
      {
        "app": "playstation-store"
      },
      {
        "app": "vimeo"
      },
      {
        "app": "hangouts-media"
      },
      {
        "app": "parsec-game"
      },
      {
        "app": "realmedia"
      },
      {
        "app": "rotten-tomatoes"
      },
      {
        "app": "tcpoverdns"
      },
      {
        "app": "imap-secure"
      },
      {
        "app": "winmx"
      },
      {
        "app": "evernote"
      },
      {
        "app": "espn-video"
      },
      {
        "app": "showmypc"
      },
      {
        "app": "oscar-filetransfer"
      },
      {
        "app": "wikia"
      },
      {
        "app": "buzzfeed"
      },
      {
        "app": "cnet"
      },
      {
        "app": "airbnb"
      },
      {
        "app": "qq-im"
      },
      {
        "app": "realtor-com"
      },
      {
        "app": "hangouts-audio"
      },
      {
        "app": "itunes-audio"
      },
      {
        "app": "viber"
      },
      {
        "app": "youtube"
      },
      {
        "app": "yahoo-accounts"
      },
      {
        "app": "atlassian"
      },
      {
        "app": "mecomm"
      },
      {
        "app": "htc-services"
      },
      {
        "app": "wired-com"
      },
      {
        "app": "github"
      },
      {
        "app": "pcanywhere"
      },
      {
        "app": "naver-line"
      },
      {
        "app": "the-daily-beast"
      },
      {
        "app": "hangouts"
      },
      {
        "app": "apple-pay"
      },
      {
        "app": "rakuten"
      },
      {
        "app": "retailmenot"
      },
      {
        "app": "audible-com"
      },
      {
        "app": "web-analytics"
      },
      {
        "app": "livestation"
      },
      {
        "app": "ntalk"
      },
      {
        "app": "WeTransfer"
      },
      {
        "app": "dht"
      },
      {
        "app": "hap"
      },
      {
        "app": "constant-contact-com"
      },
      {
        "app": "zattoo"
      },
      {
        "app": "feedly"
      },
      {
        "app": "songsari"
      },
      {
        "app": "twitter"
      },
      {
        "app": "independent-news"
      },
      {
        "app": "national-public-radio"
      },
      {
        "app": "internet-audio-streaming"
      },
      {
        "app": "aol-protocol"
      },
      {
        "app": "napster"
      },
      {
        "app": "fox-news"
      },
      {
        "app": "pocket"
      },
      {
        "app": "internet-video-streaming"
      },
      {
        "app": "disney-web-portal"
      },
      {
        "app": "sfgate"
      },
      {
        "app": "imdb"
      },
      {
        "app": "ventrilo"
      },
      {
        "app": "google-plus"
      },
      {
        "app": "soribada"
      },
      {
        "app": "instagram"
      },
      {
        "app": "people-web"
      },
      {
        "app": "bitbucket"
      },
      {
        "app": "kuro"
      },
      {
        "app": "manolito"
      },
      {
        "app": "web-rtc"
      },
      {
        "app": "nntp"
      },
      {
        "app": "abc-news"
      },
      {
        "app": "tesco"
      },
      {
        "app": "directplay8"
      },
      {
        "app": "tumblr"
      },
      {
        "app": "hubspot"
      },
      {
        "app": "goodreads"
      },
      {
        "app": "zulily"
      },
      {
        "app": "shoutcast"
      },
      {
        "app": "concur"
      },
      {
        "app": "tus-files"
      },
      {
        "app": "cnn"
      },
      {
        "app": "typepad"
      },
      {
        "app": "samsung"
      },
      {
        "app": "bbc"
      },
      {
        "app": "pptv"
      },
      {
        "app": "youku"
      },
      {
        "app": "verizon-wireless-web"
      },
      {
        "app": "irc"
      },
      {
        "app": "bing"
      },
      {
        "app": "ask-com"
      },
      {
        "app": "wechat"
      },
      {
        "app": "amazon-instant-video"
      },
      {
        "app": "share"
      },
      {
        "app": "the-pirate-bay"
      },
      {
        "app": "speedtest"
      },
      {
        "app": "secondlife"
      },
      {
        "app": "perfect-dark"
      },
      {
        "app": "gtalk"
      },
      {
        "app": "verizon-web-services"
      },
      {
        "app": "nbc-news"
      },
      {
        "app": "rdt"
      },
      {
        "app": "douyin-media"
      },
      {
        "app": "ancestry-com"
      },
      {
        "app": "waste"
      },
      {
        "app": "whatsapp"
      },
      {
        "app": "wells-fargo"
      },
      {
        "app": "bank-of-america"
      },
      {
        "app": "jingdong-360buy"
      },
      {
        "app": "european-union-portal"
      },
      {
        "app": "wunderground-com"
      },
      {
        "app": "ghostsurf"
      },
      {
        "app": "directv-soft"
      },
      {
        "app": "icloud"
      },
      {
        "app": "warriorforum"
      },
      {
        "app": "google-docs"
      },
      {
        "app": "bnet"
      },
      {
        "app": "facebook-audio"
      },
      {
        "app": "pando"
      },
      {
        "app": "wall-street-journal"
      },
      {
        "app": "call-of-duty"
      },
      {
        "app": "nhl-com"
      },
      {
        "app": "yandex"
      },
      {
        "app": "sky-news"
      },
      {
        "app": "shutterstock"
      },
      {
        "app": "douban"
      },
      {
        "app": "gotomypc"
      },
      {
        "app": "ameba"
      },
      {
        "app": "msn-messenger"
      },
      {
        "app": "okcupid"
      },
      {
        "app": "gotodevice"
      },
      {
        "app": "accuweather"
      },
      {
        "app": "directconnect"
      },
      {
        "app": "gmail"
      },
      {
        "app": "babelgum"
      },
      {
        "app": "winny"
      },
      {
        "app": "consumer-cloud-storage"
      },
      {
        "app": "blaze-news"
      },
      {
        "app": "ultrasurf"
      },
      {
        "app": "spotify"
      },
      {
        "app": "encrypted-bittorrent"
      },
      {
        "app": "trinoo"
      },
      {
        "app": "ny-daily-news"
      },
      {
        "app": "playstation-web-portal"
      },
      {
        "app": "hangouts-video"
      },
      {
        "app": "hollywood-reporter"
      },
      {
        "app": "tor"
      },
      {
        "app": "kakao-talk"
      },
      {
        "app": "weather-com"
      },
      {
        "app": "sourceforge"
      },
      {
        "app": "aweber"
      },
      {
        "app": "webmd"
      },
      {
        "app": "gtalk-ft"
      },
      {
        "app": "sopcast"
      },
      {
        "app": "nico-video"
      },
      {
        "app": "telepresence-audio"
      },
      {
        "app": "flashmyspace"
      },
      {
        "app": "engadget"
      },
      {
        "app": "webthunder"
      },
      {
        "app": "marketo"
      },
      {
        "app": "e-online"
      },
      {
        "app": "telepresence-media"
      },
      {
        "app": "qq-games"
      },
      {
        "app": "maplestory"
      },
      {
        "app": "nike"
      },
      {
        "app": "telepresence-control"
      },
      {
        "app": "megavideo"
      },
      {
        "app": "pandora"
      },
      {
        "app": "foursquare"
      },
      {
        "app": "xfire"
      },
      {
        "app": "ppstream"
      },
      {
        "app": "dropbox"
      },
      {
        "app": "itunes"
      },
      {
        "app": "apple-services"
      },
      {
        "app": "xbox-web-portal"
      },
      {
        "app": "craigslist"
      },
      {
        "app": "letv-com"
      },
      {
        "app": "yahoo"
      },
      {
        "app": "goboogy"
      },
      {
        "app": "yahoo-mail"
      },
      {
        "app": "monster-com"
      },
      {
        "app": "philips-vc"
      },
      {
        "app": "gizmodo"
      },
      {
        "app": "bleacher-report"
      },
      {
        "app": "pinterest"
      },
      {
        "app": "vkontakte"
      },
      {
        "app": "logmein"
      },
      {
        "app": "netshow"
      },
      {
        "app": "outbrain"
      },
      {
        "app": "hotmail"
      },
      {
        "app": "ansatrader"
      },
      {
        "app": "slickdeals"
      },
      {
        "app": "cooltalk"
      },
      {
        "app": "icq"
      },
      {
        "app": "msp"
      },
      {
        "app": "directv-catlg"
      },
      {
        "app": "bittorrent-networking"
      },
      {
        "app": "weather-gov-web-portal"
      },
      {
        "app": "blogger"
      },
      {
        "app": "spiegel-online"
      },
      {
        "app": "netflix"
      },
      {
        "app": "mail-ru"
      },
      {
        "app": "google-accounts"
      },
      {
        "app": "swagbucks"
      },
      {
        "app": "yahoo-messenger-video"
      },
      {
        "app": "sohu-com"
      },
      {
        "app": "ted"
      },
      {
        "app": "facebook"
      },
      {
        "app": "aol-messenger-ft"
      },
      {
        "app": "rtmpe"
      },
      {
        "app": "xinhuanet"
      },
      {
        "app": "edonkey"
      },
      {
        "app": "gbridge"
      },
      {
        "app": "xunlei"
      },
      {
        "app": "foodnetwork"
      },
      {
        "app": "Konspire2b"
      },
      {
        "app": "fring-voip"
      },
      {
        "app": "liveperson"
      },
      {
        "app": "appleqtc"
      },
      {
        "app": "gtalk-voip"
      },
      {
        "app": "gmx-mail"
      },
      {
        "app": "skype"
      },
      {
        "app": "gyao"
      },
      {
        "app": "fc2"
      },
      {
        "app": "mpeg2-ts"
      },
      {
        "app": "zendesk"
      },
      {
        "app": "daily-mail"
      },
      {
        "app": "bitcoin"
      },
      {
        "app": "indiatimes"
      },
      {
        "app": "rhapsody"
      },
      {
        "app": "bild-de"
      },
      {
        "app": "yahoo-voip-over-sip"
      },
      {
        "app": "addthis"
      },
      {
        "app": "weibo"
      },
      {
        "app": "time-news"
      },
      {
        "app": "hangouts-chat"
      },
      {
        "app": "hangouts-file-transfer"
      },
      {
        "app": "thechive"
      },
      {
        "app": "fasttrack-static"
      },
      {
        "app": "google-earth"
      },
      {
        "app": "keyholetv"
      },
      {
        "app": "whitepages"
      },
      {
        "app": "gnutella"
      },
      {
        "app": "telegraph"
      },
      {
        "app": "4chan"
      },
      {
        "app": "aol-messenger"
      },
      {
        "app": "blizwow"
      },
      {
        "app": "cbs-sports"
      },
      {
        "app": "institute-of-health"
      },
      {
        "app": "tomatopang"
      },
      {
        "app": "gree"
      },
      {
        "app": "conference"
      },
      {
        "app": "rtmp"
      },
      {
        "app": "trulia"
      },
      {
        "app": "yahoo-messenger"
      },
      {
        "app": "kakao-services"
      },
      {
        "app": "twitch-tv"
      },
      {
        "app": "streamwork"
      },
      {
        "app": "patch-com"
      },
      {
        "app": "etsy"
      },
      {
        "app": "ip-messenger"
      },
      {
        "app": "entertainment-weekly"
      },
      {
        "app": "badoo"
      },
      {
        "app": "qq-services"
      },
      {
        "app": "yellowpages-us"
      },
      {
        "app": "java-web-portal"
      },
      {
        "app": "skydrive"
      },
      {
        "app": "ehow-web-portal"
      },
      {
        "app": "wordreference-com"
      },
      {
        "app": "edonkey-static"
      },
      {
        "app": "flashyahoo"
      },
      {
        "app": "baidu-movie"
      },
      {
        "app": "snapchat"
      },
      {
        "app": "adweek"
      },
      {
        "app": "hootsuite"
      },
      {
        "app": "bittorrent"
      },
      {
        "app": "steam"
      },
      {
        "app": "secure-nntp"
      },
      {
        "app": "paypal"
      },
      {
        "app": "espn-browsing"
      },
      {
        "app": "tagged-com"
      },
      {
        "app": "bandcamp-com"
      },
      {
        "app": "cuseeme"
      },
      {
        "app": "att-web-services"
      },
      {
        "app": "filetopia"
      },
      {
        "app": "ares"
      },
      {
        "app": "capital-one"
      },
      {
        "app": "encrypted-emule"
      },
      {
        "app": "hulu"
      },
      {
        "app": "poco"
      },
      {
        "app": "buffer-com"
      },
      {
        "app": "msnp"
      },
      {
        "app": "flickr"
      },
      {
        "app": "directv-tick"
      },
      {
        "app": "tianya"
      },
      {
        "app": "livedoor"
      },
      {
        "app": "slate-magazine"
      },
      {
        "app": "facetime"
      },
      {
        "app": "silc"
      },
      {
        "app": "ebay"
      },
      {
        "app": "irc-serv"
      },
      {
        "app": "google-photos"
      },
      {
        "app": "aliwangwang"
      },
      {
        "app": "usa-today"
      },
      {
        "app": "thefreedictionary-com"
      },
      {
        "app": "yahoo-voip-messenger"
      },
      {
        "app": "xda-developers"
      },
      {
        "app": "gtalk-video"
      },
      {
        "app": "zippyshare"
      },
      {
        "app": "appleqtcsrvr"
      },
      {
        "app": "58-city"
      },
      {
        "app": "vdolive"
      },
      {
        "app": "qqlive"
      },
      {
        "app": "rtmpt"
      },
      {
        "app": "fring"
      },
      {
        "app": "douyin"
      },
      {
        "app": "nmsp"
      },
      {
        "app": "rediff-com"
      },
      {
        "app": "amazon"
      },
      {
        "app": "directv-web"
      },
      {
        "app": "mixi"
      },
      {
        "app": "xunlei-kankan"
      },
      {
        "app": "gtalk-chat"
      },
      {
        "app": "worldstarhiphop"
      },
      {
        "app": "msn-messenger-video"
      },
      {
        "app": "zillow"
      },
      {
        "app": "sling"
      },
      {
        "app": "nytimes"
      },
      {
        "app": "reuters"
      },
      {
        "app": "networking-gnutella"
      },
      {
        "app": "imgur"
      },
      {
        "app": "huffington-post"
      },
      {
        "app": "allrecipes"
      },
      {
        "app": "siri"
      },
      {
        "app": "facebook-media"
      },
      {
        "app": "tmz"
      },
      {
        "app": "ssdp"
      },
      {
        "app": "mtv"
      },
      {
        "app": "airplay"
      },
      {
        "app": "mashable"
      },
      {
        "app": "kali"
      },
      {
        "app": "akamai"
      },
      {
        "app": "washington-post"
      },
      {
        "app": "aol-messenger-video"
      },
      {
        "app": "adcash"
      },
      {
        "app": "fring-video"
      },
      {
        "app": "unite-airlines"
      },
      {
        "app": "msn-messenger-ft"
      },
      {
        "app": "backpage"
      },
      {
        "app": "tudou"
      },
      {
        "app": "uol"
      },
      {
        "app": "pch-com"
      },
      {
        "app": "teamspeak"
      },
      {
        "app": "facebook-video"
      },
      {
        "app": "cbs"
      }
    ],
    "lastUpdated": 1654107667179,
    "owner": "admin",
    "readOnly": false,
    "version": "0",
    "infoTag": "",
    "referenceCount": 1,
    "references": [
      {
        "id": "9c54d0cf-6ed0-49bc-b0b2-85f9457fe302",
        "type": "data"
      }
    ],
    "activatedId": [
      "18200495-5b79-4dbe-bf2c-f42736ff8229"
    ],
    "isActivatedByVsmart": true
  },
  {
    "listId": "969edeed-6b17-43dc-9995-0825a2f06898",
    "name": "MSX-STREAMING-VIDEO-3920ee",
    "type": "app",
    "description": "",
    "entries": [
      {
        "app": "cisco-ip-camera"
      },
      {
        "app": "apple-remote-desktop"
      },
      {
        "app": "timbuktu"
      },
      {
        "app": "ms-wbt"
      },
      {
        "app": "vmware-view"
      },
      {
        "app": "vnc-http"
      },
      {
        "app": "vmware-vmotion"
      },
      {
        "app": "citrix-static"
      },
      {
        "app": "cisco-tv"
      },
      {
        "app": "mikogo"
      },
      {
        "app": "teamviewer"
      },
      {
        "app": "vmware-vsphere"
      },
      {
        "app": "xwindows"
      },
      {
        "app": "citrix"
      },
      {
        "app": "vnc"
      },
      {
        "app": "dameware-mrc"
      },
      {
        "app": "dmp"
      },
      {
        "app": "radmin-port"
      }
    ],
    "lastUpdated": 1654107667241,
    "owner": "admin",
    "readOnly": false,
    "version": "0",
    "infoTag": "",
    "referenceCount": 1,
    "references": [
      {
        "id": "9c54d0cf-6ed0-49bc-b0b2-85f9457fe302",
        "type": "data"
      }
    ],
    "activatedId": [
      "18200495-5b79-4dbe-bf2c-f42736ff8229"
    ],
    "isActivatedByVsmart": true
  }
]