[
  {
    "listId": "264f7ad3-1356-469e-9469-1ded7d26927d",
    "name": "MSX-SiteList-1e88c8",
    "type": "site",
    "description": "",
    "entries": [
      {
        "siteId": "1-4294967199"
      }
    ],
    "lastUpdated": 1654107668102,
    "owner": "admin",
    "readOnly": false,
    "version": "0",
    "infoTag": "",
    "referenceCount": 1,
    "references": [
      {
        "id": "18200495-5b79-4dbe-bf2c-f42736ff8229",
        "type": ""
      }
    ],
    "activatedId": [
      "18200495-5b79-4dbe-bf2c-f42736ff8229"
    ],
    "isActivatedByVsmart": true
  }
]