[
  {
    "policyVersion": "06012022T182108753",
    "lastUpdatedBy": "admin",
    "policyName": "MSX-CentralizedPolicy",
    "policyDefinition": "{\"assembly\":[{\"definitionId\":\"9c54d0cf-6ed0-49bc-b0b2-85f9457fe302\",\"type\":\"data\",\"entries\":[{\"siteLists\":[\"264f7ad3-1356-469e-9469-1ded7d26927d\"],\"vpnLists\":[\"7c249503-4785-4455-9636-5ab17ea80b9d\"],\"direction\":\"all\"}]}]}",
    "createdOn": 1654107668753,
    "isPolicyActivated": true,
    "policyDescription": "MSX-CentralizedPolicy",
    "@rid": 1126,
    "policyId": "18200495-5b79-4dbe-bf2c-f42736ff8229",
    "createdBy": "admin",
    "policyType": "feature",
    "lastUpdatedOn": 1654107668753
  }
]