[
  {
    "host-name": "DC-1-R1",
    "deviceIP": "11.11.11.1",
    "local-system-ip": "11.11.11.1",
    "site-id": "11",
    "device-groups": [
      "No groups"
    ],
    "uuid": "C8K-B7E14C38-F84F-D217-8014-8A338115CF9B",
    "personality": "vedge",
    "configCloudxMode": "none"
  },
  {
    "host-name": "DC-2-R1",
    "deviceIP": "22.22.22.1",
    "local-system-ip": "22.22.22.1",
    "site-id": "22",
    "device-groups": [
      "No groups"
    ],
    "uuid": "C8K-E2AFA37C-21A0-4345-F226-A6EB11C1C5DC",
    "personality": "vedge",
    "configCloudxMode": "none"
  }
]