{
  "deviceType": [
    "vedge-C8000V"
  ],
  "templateType": "cisco_omp",
  "templateMinVersion": "20.4.0",
  "lastUpdatedBy": "system",
  "editedTemplateDefinition": {
    "graceful-restart": {
      "vipObjectType": "object",
      "vipType": "ignore",
      "vipValue": "true",
      "vipVariableName": "omp_graceful_restart"
    },
    "send-path-limit": {
      "vipObjectType": "object",
      "vipType": "ignore",
      "vipValue": 4,
      "vipVariableName": "omp_send_path_limit"
    },
    "ecmp-limit": {
      "vipObjectType": "object",
      "vipType": "ignore",
      "vipValue": 4,
      "vipVariableName": "omp_ecmp_limit"
    },
    "shutdown": {
      "vipObjectType": "object",
      "vipType": "ignore",
      "vipValue": "false",
      "vipVariableName": "omp_shutdown"
    },
    "timers": {
      "advertisement-interval": {
        "vipObjectType": "object",
        "vipType": "ignore",
        "vipValue": 1,
        "vipVariableName": "omp_advertisement_interval"
      },
      "graceful-restart-timer": {
        "vipObjectType": "object",
        "vipType": "ignore",
        "vipValue": 43200,
        "vipVariableName": "omp_graceful_restart_timer"
      },
      "holdtime": {
        "vipObjectType": "object",
        "vipType": "ignore",
        "vipValue": 60,
        "vipVariableName": "omp_holdtime"
      },
      "eor-timer": {
        "vipObjectType": "object",
        "vipType": "ignore",
        "vipValue": 300,
        "vipVariableName": "omp_eor_timer"
      }
    },
    "overlay-as": {
      "vipObjectType": "object",
      "vipType": "ignore",
      "vipVariableName": "overlay_as"
    },
    "advertise": {
      "vipType": "constant",
      "vipValue": [
        {
          "priority-order": [
            "protocol"
          ],
          "protocol": {
            "vipType": "constant",
            "vipValue": "bgp",
            "vipObjectType": "object"
          }
        },
        {
          "priority-order": [
            "protocol"
          ],
          "protocol": {
            "vipType": "constant",
            "vipValue": "connected",
            "vipObjectType": "object"
          }
        },
        {
          "priority-order": [
            "protocol"
          ],
          "protocol": {
            "vipType": "constant",
            "vipValue": "static",
            "vipObjectType": "object"
          }
        }
      ],
      "vipObjectType": "tree",
      "vipPrimaryKey": [
        "protocol"
      ]
    },
    "ipv6-advertise": {
      "vipType": "constant",
      "vipValue": [
        {
          "priority-order": [
            "protocol"
          ],
          "protocol": {
            "vipType": "constant",
            "vipValue": "bgp",
            "vipObjectType": "object"
          }
        },
        {
          "priority-order": [
            "protocol"
          ],
          "protocol": {
            "vipType": "constant",
            "vipValue": "connected",
            "vipObjectType": "object"
          }
        },
        {
          "priority-order": [
            "protocol"
          ],
          "protocol": {
            "vipType": "constant",
            "vipValue": "static",
            "vipObjectType": "object"
          }
        }
      ],
      "vipObjectType": "tree",
      "vipPrimaryKey": [
        "protocol"
      ]
    }
  },
  "gTemplateClass": "cedge",
  "templateDefinition": {
    "graceful-restart": {
      "vipObjectType": "object",
      "vipType": "ignore",
      "vipValue": "true",
      "vipVariableName": "omp_graceful_restart"
    },
    "send-path-limit": {
      "vipObjectType": "object",
      "vipType": "ignore",
      "vipValue": 4,
      "vipVariableName": "omp_send_path_limit"
    },
    "ecmp-limit": {
      "vipObjectType": "object",
      "vipType": "ignore",
      "vipValue": 4,
      "vipVariableName": "omp_ecmp_limit"
    },
    "shutdown": {
      "vipObjectType": "object",
      "vipType": "ignore",
      "vipValue": "false",
      "vipVariableName": "omp_shutdown"
    },
    "timers": {
      "advertisement-interval": {
        "vipObjectType": "object",
        "vipType": "ignore",
        "vipValue": 1,
        "vipVariableName": "omp_advertisement_interval"
      },
      "graceful-restart-timer": {
        "vipObjectType": "object",
        "vipType": "ignore",
        "vipValue": 43200,
        "vipVariableName": "omp_graceful_restart_timer"
      },
      "holdtime": {
        "vipObjectType": "object",
        "vipType": "ignore",
        "vipValue": 60,
        "vipVariableName": "omp_holdtime"
      },
      "eor-timer": {
        "vipObjectType": "object",
        "vipType": "ignore",
        "vipValue": 300,
        "vipVariableName": "omp_eor_timer"
      }
    },
    "overlay-as": {
      "vipObjectType": "object",
      "vipType": "ignore",
      "vipVariableName": "overlay_as"
    },
    "advertise": {
      "vipType": "constant",
      "vipValue": [
        {
          "priority-order": [
            "protocol"
          ],
          "protocol": {
            "vipType": "constant",
            "vipValue": "bgp",
            "vipObjectType": "object"
          }
        },
        {
          "priority-order": [
            "protocol"
          ],
          "protocol": {
            "vipType": "constant",
            "vipValue": "connected",
            "vipObjectType": "object"
          }
        },
        {
          "priority-order": [
            "protocol"
          ],
          "protocol": {
            "vipType": "constant",
            "vipValue": "static",
            "vipObjectType": "object"
          }
        }
      ],
      "vipObjectType": "tree",
      "vipPrimaryKey": [
        "protocol"
      ]
    },
    "ipv6-advertise": {
      "vipType": "constant",
      "vipValue": [
        {
          "priority-order": [
            "protocol"
          ],
          "protocol": {
            "vipType": "constant",
            "vipValue": "bgp",
            "vipObjectType": "object"
          }
        },
        {
          "priority-order": [
            "protocol"
          ],
          "protocol": {
            "vipType": "constant",
            "vipValue": "connected",
            "vipObjectType": "object"
          }
        },
        {
          "priority-order": [
            "protocol"
          ],
          "protocol": {
            "vipType": "constant",
            "vipValue": "static",
            "vipObjectType": "object"
          }
        }
      ],
      "vipObjectType": "tree",
      "vipPrimaryKey": [
        "protocol"
      ]
    }
  },
  "configType": "xml",
  "attachedMastersCount": 1,
  "templateId": "6a4e537f-54ed-4b49-a8da-8073af856308",
  "createdOn": 1652445779292,
  "@rid": 415,
  "feature": "vmanage-default",
  "factoryDefault": true,
  "createdBy": "system",
  "templateName": "Default_GCP_C8000V_OMP_IPv46_V01",
  "devicesAttached": 0,
  "templateDescription": "Default OMP template for GCP C8000V",
  "lastUpdatedOn": 1652445779292
}