{
  "deviceType": [
    "vedge-C1111-4PLTEEA",
    "vedge-C1161-8P",
    "vedge-C1117-4PLTEEAW",
    "vedge-C8500-12X4QC",
    "vedge-C8200-1N-4T",
    "vedge-C1121X-8P",
    "vedge-ISR-4331",
    "vedge-ISRv",
    "cellular-gateway-CG522-E",
    "vedge-C1127X-8PMLTEP",
    "vedge-C1117-4PMLTEEAWE",
    "vedge-ISR-4451-X",
    "vedge-C8200L-1N-4T",
    "vedge-C1113-8PLTEEA",
    "vedge-IR-1821",
    "vedge-ASR-1001-X",
    "vedge-ISR-4321",
    "vedge-C1116-4PLTEEAWE",
    "vedge-C1109-4PLTE2P",
    "vedge-C1121-8P",
    "vedge-ASR-1002-HX",
    "cellular-gateway-CG418-E",
    "vedge-C1111-8PLTEEAW",
    "vedge-C1112-8PWE",
    "vedge-C1101-4PLTEP",
    "vedge-ISR1100-4GLTENA-XE",
    "vedge-C1111-8PLTELA",
    "vedge-IR-1835",
    "vedge-C1121X-8PLTEP",
    "vedge-IR-1833",
    "vedge-C8300-1N1S-4T2X",
    "vedge-C1121-4P",
    "vedge-ISR-4351",
    "vedge-C1117-4PLTELA",
    "vedge-C1116-4PWE",
    "vedge-nfvis-C8200-UCPE",
    "vedge-C1113-8PM",
    "vedge-IR-1831",
    "vedge-C1127-8PLTEP",
    "vedge-C1121-8PLTEPW",
    "vedge-C1113-8PW",
    "vedge-C1128-8PLTEP",
    "vedge-ASR-1001-HX",
    "vedge-IR-8340",
    "vedge-C1113-8PLTEEAW",
    "vedge-C1117-4PW",
    "vedge-C1116-4P",
    "vedge-C1113-8PMLTEEA",
    "vedge-C1112-8P",
    "vedge-ISR-4461",
    "vedge-C1116-4PLTEEA",
    "vedge-ISR-4221",
    "vedge-C1117-4PM",
    "vedge-C1113-8PLTELAWZ",
    "vedge-C1117-4PMWE",
    "vedge-C1109-2PLTEVZ",
    "vedge-C1113-8P",
    "vedge-C1117-4P",
    "vedge-nfvis-ENCS5400",
    "vedge-C8300-2N2S-6T",
    "vedge-C1127-8PMLTEP",
    "vedge-ESR-6300",
    "vedge-ISR1100-4GLTEGB-XE",
    "vedge-ISR-4221X",
    "vedge-C1109-2PLTEGB",
    "vedge-C8500-12X",
    "vedge-CSR-1000v",
    "vedge-C1113-8PLTEW",
    "vedge-C1121X-8PLTEPW",
    "vedge-ISR1100-6G-XE",
    "vedge-C1121-4PLTEP",
    "vedge-C1111-8PLTEEA",
    "vedge-C1117-4PLTEEA",
    "vedge-C1127X-8PLTEP",
    "vedge-C1109-2PLTEUS",
    "vedge-C1112-8PLTEEAWE",
    "vedge-C1161X-8P",
    "vedge-C1111-8PW",
    "vedge-C8500L-8S4X",
    "vedge-C1161X-8PLTEP",
    "vedge-C1101-4PLTEPW",
    "vedge-ISR1100X-4G-XE",
    "vedge-IR-1101",
    "vedge-C1111-4P",
    "vedge-C1111-4PW",
    "vedge-C1111-8P",
    "vedge-C1117-4PMLTEEA",
    "vedge-C1113-8PLTELA",
    "vedge-C1111-8PLTELAW",
    "vedge-C1161-8PLTEP",
    "vedge-ISR1100X-6G-XE",
    "vedge-ISR-4431",
    "vedge-nfvis-C8200-UCPEVM",
    "vedge-C1101-4P",
    "vedge-C1109-4PLTE2PW",
    "vedge-C1113-8PMWE",
    "vedge-C1118-8P",
    "vedge-C8300-1N1S-6T",
    "vedge-C1126-8PLTEP",
    "vedge-C1121-8PLTEP",
    "vedge-C8300-2N2S-4T2X",
    "vedge-C1112-8PLTEEA",
    "vedge-C1111-4PLTELA",
    "vedge-ASR-1002-X",
    "vedge-C1111X-8P",
    "vedge-C1126X-8PLTEP",
    "vedge-ASR-1006-X",
    "vedge-C8000V",
    "vedge-ISR1100-4G-XE",
    "vedge-C1117-4PLTELAWZ"
  ],
  "templateType": "cisco_vpn_interface",
  "templateMinVersion": "15.0.0",
  "lastUpdatedBy": "system",
  "editedTemplateDefinition": {
    "if-name": {
      "vipValue": "",
      "vipObjectType": "object",
      "vipType": "variableName",
      "vipVariableName": "bootstrap_interface"
    },
    "description": {
      "vipValue": "",
      "vipObjectType": "object",
      "vipType": "ignore"
    },
    "poe": {
      "vipValue": "",
      "vipObjectType": "object",
      "vipType": "ignore"
    },
    "ip": {
      "address": {
        "vipValue": "",
        "vipObjectType": "object",
        "vipType": "variable",
        "vipVariableName": ""
      },
      "secondary-address": {
        "vipValue": [],
        "vipObjectType": "tree",
        "vipType": "ignore",
        "vipPrimaryKey": [
          "address"
        ]
      },
      "dhcp-client": {
        "vipValue": "",
        "vipObjectType": "object",
        "vipType": "ignore"
      },
      "dhcp-distance": {
        "vipValue": "",
        "vipObjectType": "object",
        "vipType": "ignore"
      }
    },
    "ipv6": {
      "address": {
        "vipValue": "",
        "vipObjectType": "object",
        "vipType": "ignore"
      },
      "dhcp-client": {
        "vipValue": "",
        "vipObjectType": "object",
        "vipType": "ignore"
      },
      "secondary-address": {
        "vipValue": [],
        "vipObjectType": "tree",
        "vipType": "ignore",
        "vipPrimaryKey": [
          "address"
        ]
      },
      "access-list": {
        "vipValue": [],
        "vipObjectType": "tree",
        "vipType": "ignore",
        "vipPrimaryKey": [
          "direction"
        ]
      },
      "dhcp-helper-v6": {
        "vipValue": [],
        "vipObjectType": "tree",
        "vipType": "ignore",
        "vipPrimaryKey": [
          "address"
        ]
      }
    },
    "dhcp-helper": {
      "vipValue": "",
      "vipObjectType": "list",
      "vipType": "ignore"
    },
    "tracker": {
      "vipValue": "",
      "vipObjectType": "list",
      "vipType": "ignore"
    },
    "nat": {
      "vipValue": "",
      "vipObjectType": "node-only",
      "vipType": "ignore",
      "udp-timeout": {
        "vipValue": "",
        "vipObjectType": "object",
        "vipType": "ignore"
      },
      "tcp-timeout": {
        "vipValue": "",
        "vipObjectType": "object",
        "vipType": "ignore"
      },
      "static": {
        "vipValue": [],
        "vipObjectType": "tree",
        "vipType": "ignore",
        "vipPrimaryKey": [
          "source-ip",
          "translate-ip"
        ]
      }
    },
    "nat64": {
      "vipValue": "",
      "vipObjectType": "node-only",
      "vipType": "ignore"
    },
    "tunnel-interface": {
      "encapsulation": {
        "vipValue": [
          {
            "preference": {
              "vipObjectType": "object",
              "vipType": "ignore",
              "vipVariableName": "vpn_if_tunnel_ipsec_preference"
            },
            "weight": {
              "vipObjectType": "object",
              "vipType": "ignore",
              "vipValue": 1,
              "vipVariableName": "vpn_if_tunnel_ipsec_weight"
            },
            "encap": {
              "vipType": "constant",
              "vipValue": "ipsec",
              "vipObjectType": "object"
            },
            "priority-order": [
              "encap",
              "preference",
              "weight"
            ]
          }
        ],
        "vipObjectType": "tree",
        "vipType": "constant",
        "vipPrimaryKey": [
          "encap"
        ]
      },
      "border": {
        "vipValue": "",
        "vipObjectType": "object",
        "vipType": "ignore"
      },
      "group": {
        "vipValue": "",
        "vipObjectType": "list",
        "vipType": "ignore"
      },
      "color": {
        "value": {
          "vipValue": "default",
          "vipObjectType": "object",
          "vipType": "constant",
          "vipVariableName": ""
        },
        "restrict": {
          "vipValue": "",
          "vipObjectType": "node-only",
          "vipType": "ignore"
        }
      },
      "max-control-connections": {
        "vipValue": "",
        "vipObjectType": "object",
        "vipType": "ignore"
      },
      "vbond-as-stun-server": {
        "vipValue": "",
        "vipObjectType": "object",
        "vipType": "ignore"
      },
      "exclude-controller-group-list": {
        "vipValue": "",
        "vipObjectType": "list",
        "vipType": "ignore"
      },
      "vmanage-connection-preference": {
        "vipValue": "",
        "vipObjectType": "object",
        "vipType": "ignore"
      },
      "port-hop": {
        "vipValue": "",
        "vipObjectType": "object",
        "vipType": "ignore"
      },
      "carrier": {
        "vipValue": "",
        "vipObjectType": "object",
        "vipType": "ignore"
      },
      "nat-refresh-interval": {
        "vipValue": "",
        "vipObjectType": "object",
        "vipType": "ignore"
      },
      "hello-interval": {
        "vipValue": "",
        "vipObjectType": "object",
        "vipType": "ignore"
      },
      "hello-tolerance": {
        "vipValue": "",
        "vipObjectType": "object",
        "vipType": "ignore"
      },
      "bind": {
        "vipValue": "",
        "vipObjectType": "object",
        "vipType": "ignore"
      },
      "last-resort-circuit": {
        "vipValue": "",
        "vipObjectType": "object",
        "vipType": "ignore"
      },
      "low-bandwidth-link": {
        "vipValue": "",
        "vipObjectType": "object",
        "vipType": "ignore"
      }
    },
    "mtu": {
      "vipValue": "",
      "vipObjectType": "object",
      "vipType": "ignore"
    },
    "tcp-mss-adjust": {
      "vipValue": "",
      "vipObjectType": "object",
      "vipType": "ignore"
    },
    "tloc-extension": {
      "vipValue": "",
      "vipObjectType": "object",
      "vipType": "ignore"
    },
    "tloc-extension-gre-from": {
      "src-ip": {
        "vipValue": "",
        "vipObjectType": "object",
        "vipType": "ignore"
      },
      "xconnect": {
        "vipValue": "",
        "vipObjectType": "object",
        "vipType": "ignore"
      }
    },
    "mac-address": {
      "vipValue": "",
      "vipObjectType": "object",
      "vipType": "ignore"
    },
    "speed": {
      "vipValue": "",
      "vipObjectType": "object",
      "vipType": "ignore"
    },
    "duplex": {
      "vipValue": "",
      "vipObjectType": "object",
      "vipType": "ignore"
    },
    "shutdown": {
      "vipValue": "false",
      "vipObjectType": "object",
      "vipType": "constant",
      "vipVariableName": ""
    },
    "arp-timeout": {
      "vipValue": "",
      "vipObjectType": "object",
      "vipType": "ignore"
    },
    "autonegotiate": {
      "vipValue": "true",
      "vipObjectType": "object",
      "vipType": "constant",
      "vipVariableName": ""
    },
    "ip-directed-broadcast": {
      "vipValue": "",
      "vipObjectType": "object",
      "vipType": "ignore"
    },
    "icmp-redirect-disable": {
      "vipValue": "",
      "vipObjectType": "object",
      "vipType": "ignore"
    },
    "shaping-rate": {
      "vipValue": "",
      "vipObjectType": "object",
      "vipType": "ignore"
    },
    "qos-map": {
      "vipValue": "",
      "vipObjectType": "object",
      "vipType": "ignore"
    },
    "rewrite-rule": {
      "rule-name": {
        "vipValue": "",
        "vipObjectType": "object",
        "vipType": "ignore"
      }
    },
    "access-list": {
      "vipValue": [],
      "vipObjectType": "tree",
      "vipType": "ignore",
      "vipPrimaryKey": [
        "direction"
      ]
    },
    "arp": {
      "ip": {
        "vipValue": [],
        "vipObjectType": "tree",
        "vipType": "ignore",
        "vipPrimaryKey": [
          "addr"
        ]
      }
    },
    "vrrp": {
      "vipValue": [],
      "vipObjectType": "tree",
      "vipType": "ignore",
      "vipPrimaryKey": [
        "grp-id"
      ]
    },
    "ipv6-vrrp": {
      "vipValue": [],
      "vipObjectType": "tree",
      "vipType": "ignore",
      "vipPrimaryKey": [
        "grp-id"
      ]
    }
  },
  "gTemplateClass": "cedge",
  "templateDefinition": {
    "if-name": {
      "vipValue": "",
      "vipObjectType": "object",
      "vipType": "variableName",
      "vipVariableName": "bootstrap_interface"
    },
    "description": {
      "vipValue": "",
      "vipObjectType": "object",
      "vipType": "ignore"
    },
    "poe": {
      "vipValue": "",
      "vipObjectType": "object",
      "vipType": "ignore"
    },
    "ip": {
      "address": {
        "vipValue": "",
        "vipObjectType": "object",
        "vipType": "variable",
        "vipVariableName": ""
      },
      "secondary-address": {
        "vipValue": [],
        "vipObjectType": "tree",
        "vipType": "ignore",
        "vipPrimaryKey": [
          "address"
        ]
      },
      "dhcp-client": {
        "vipValue": "",
        "vipObjectType": "object",
        "vipType": "ignore"
      },
      "dhcp-distance": {
        "vipValue": "",
        "vipObjectType": "object",
        "vipType": "ignore"
      }
    },
    "ipv6": {
      "address": {
        "vipValue": "",
        "vipObjectType": "object",
        "vipType": "ignore"
      },
      "dhcp-client": {
        "vipValue": "",
        "vipObjectType": "object",
        "vipType": "ignore"
      },
      "secondary-address": {
        "vipValue": [],
        "vipObjectType": "tree",
        "vipType": "ignore",
        "vipPrimaryKey": [
          "address"
        ]
      },
      "access-list": {
        "vipValue": [],
        "vipObjectType": "tree",
        "vipType": "ignore",
        "vipPrimaryKey": [
          "direction"
        ]
      },
      "dhcp-helper-v6": {
        "vipValue": [],
        "vipObjectType": "tree",
        "vipType": "ignore",
        "vipPrimaryKey": [
          "address"
        ]
      }
    },
    "dhcp-helper": {
      "vipValue": "",
      "vipObjectType": "list",
      "vipType": "ignore"
    },
    "tracker": {
      "vipValue": "",
      "vipObjectType": "list",
      "vipType": "ignore"
    },
    "nat": {
      "vipValue": "",
      "vipObjectType": "node-only",
      "vipType": "ignore",
      "udp-timeout": {
        "vipValue": "",
        "vipObjectType": "object",
        "vipType": "ignore"
      },
      "tcp-timeout": {
        "vipValue": "",
        "vipObjectType": "object",
        "vipType": "ignore"
      },
      "static": {
        "vipValue": [],
        "vipObjectType": "tree",
        "vipType": "ignore",
        "vipPrimaryKey": [
          "source-ip",
          "translate-ip"
        ]
      }
    },
    "nat64": {
      "vipValue": "",
      "vipObjectType": "node-only",
      "vipType": "ignore"
    },
    "tunnel-interface": {
      "encapsulation": {
        "vipValue": [
          {
            "preference": {
              "vipObjectType": "object",
              "vipType": "ignore",
              "vipVariableName": "vpn_if_tunnel_ipsec_preference"
            },
            "weight": {
              "vipObjectType": "object",
              "vipType": "ignore",
              "vipValue": 1,
              "vipVariableName": "vpn_if_tunnel_ipsec_weight"
            },
            "encap": {
              "vipType": "constant",
              "vipValue": "ipsec",
              "vipObjectType": "object"
            },
            "priority-order": [
              "encap",
              "preference",
              "weight"
            ]
          }
        ],
        "vipObjectType": "tree",
        "vipType": "constant",
        "vipPrimaryKey": [
          "encap"
        ]
      },
      "border": {
        "vipValue": "",
        "vipObjectType": "object",
        "vipType": "ignore"
      },
      "group": {
        "vipValue": "",
        "vipObjectType": "list",
        "vipType": "ignore"
      },
      "color": {
        "value": {
          "vipValue": "default",
          "vipObjectType": "object",
          "vipType": "constant",
          "vipVariableName": ""
        },
        "restrict": {
          "vipValue": "",
          "vipObjectType": "node-only",
          "vipType": "ignore"
        }
      },
      "max-control-connections": {
        "vipValue": "",
        "vipObjectType": "object",
        "vipType": "ignore"
      },
      "vbond-as-stun-server": {
        "vipValue": "",
        "vipObjectType": "object",
        "vipType": "ignore"
      },
      "exclude-controller-group-list": {
        "vipValue": "",
        "vipObjectType": "list",
        "vipType": "ignore"
      },
      "vmanage-connection-preference": {
        "vipValue": "",
        "vipObjectType": "object",
        "vipType": "ignore"
      },
      "port-hop": {
        "vipValue": "",
        "vipObjectType": "object",
        "vipType": "ignore"
      },
      "carrier": {
        "vipValue": "",
        "vipObjectType": "object",
        "vipType": "ignore"
      },
      "nat-refresh-interval": {
        "vipValue": "",
        "vipObjectType": "object",
        "vipType": "ignore"
      },
      "hello-interval": {
        "vipValue": "",
        "vipObjectType": "object",
        "vipType": "ignore"
      },
      "hello-tolerance": {
        "vipValue": "",
        "vipObjectType": "object",
        "vipType": "ignore"
      },
      "bind": {
        "vipValue": "",
        "vipObjectType": "object",
        "vipType": "ignore"
      },
      "last-resort-circuit": {
        "vipValue": "",
        "vipObjectType": "object",
        "vipType": "ignore"
      },
      "low-bandwidth-link": {
        "vipValue": "",
        "vipObjectType": "object",
        "vipType": "ignore"
      }
    },
    "mtu": {
      "vipValue": "",
      "vipObjectType": "object",
      "vipType": "ignore"
    },
    "tcp-mss-adjust": {
      "vipValue": "",
      "vipObjectType": "object",
      "vipType": "ignore"
    },
    "tloc-extension": {
      "vipValue": "",
      "vipObjectType": "object",
      "vipType": "ignore"
    },
    "tloc-extension-gre-from": {
      "src-ip": {
        "vipValue": "",
        "vipObjectType": "object",
        "vipType": "ignore"
      },
      "xconnect": {
        "vipValue": "",
        "vipObjectType": "object",
        "vipType": "ignore"
      }
    },
    "mac-address": {
      "vipValue": "",
      "vipObjectType": "object",
      "vipType": "ignore"
    },
    "speed": {
      "vipValue": "",
      "vipObjectType": "object",
      "vipType": "ignore"
    },
    "duplex": {
      "vipValue": "",
      "vipObjectType": "object",
      "vipType": "ignore"
    },
    "shutdown": {
      "vipValue": "false",
      "vipObjectType": "object",
      "vipType": "constant",
      "vipVariableName": ""
    },
    "arp-timeout": {
      "vipValue": "",
      "vipObjectType": "object",
      "vipType": "ignore"
    },
    "autonegotiate": {
      "vipValue": "true",
      "vipObjectType": "object",
      "vipType": "constant",
      "vipVariableName": ""
    },
    "ip-directed-broadcast": {
      "vipValue": "",
      "vipObjectType": "object",
      "vipType": "ignore"
    },
    "icmp-redirect-disable": {
      "vipValue": "",
      "vipObjectType": "object",
      "vipType": "ignore"
    },
    "shaping-rate": {
      "vipValue": "",
      "vipObjectType": "object",
      "vipType": "ignore"
    },
    "qos-map": {
      "vipValue": "",
      "vipObjectType": "object",
      "vipType": "ignore"
    },
    "rewrite-rule": {
      "rule-name": {
        "vipValue": "",
        "vipObjectType": "object",
        "vipType": "ignore"
      }
    },
    "access-list": {
      "vipValue": [],
      "vipObjectType": "tree",
      "vipType": "ignore",
      "vipPrimaryKey": [
        "direction"
      ]
    },
    "arp": {
      "ip": {
        "vipValue": [],
        "vipObjectType": "tree",
        "vipType": "ignore",
        "vipPrimaryKey": [
          "addr"
        ]
      }
    },
    "vrrp": {
      "vipValue": [],
      "vipObjectType": "tree",
      "vipType": "ignore",
      "vipPrimaryKey": [
        "grp-id"
      ]
    },
    "ipv6-vrrp": {
      "vipValue": [],
      "vipObjectType": "tree",
      "vipType": "ignore",
      "vipPrimaryKey": [
        "grp-id"
      ]
    }
  },
  "configType": "xml",
  "attachedMastersCount": 1,
  "templateId": "49870f78-b70d-4eca-9721-85c7f5a1cb0e",
  "createdOn": 1652445781733,
  "@rid": 456,
  "feature": "vmanage-default",
  "factoryDefault": true,
  "createdBy": "system",
  "templateName": "DEFAULT_BOOTSTRAP_STATIC",
  "devicesAttached": 0,
  "templateDescription": "Factory Default template for static configurations",
  "lastUpdatedOn": 1652445781733
}