{
  "deviceType": [
    "vedge-C8000V",
    "vedge-C1111-8PLTELA",
    "vedge-CSR-1000v",
    "vedge-ISR-4331"
  ],
  "templateType": "cisco_security",
  "templateMinVersion": "15.0.0",
  "lastUpdatedBy": "system",
  "editedTemplateDefinition": {
    "ipsec": {
      "rekey": {
        "vipValue": "",
        "vipObjectType": "object",
        "vipType": "ignore"
      },
      "replay-window": {
        "vipValue": "",
        "vipObjectType": "object",
        "vipType": "ignore"
      },
      "authentication-type": {
        "vipValue": [
          "ah-sha1-hmac",
          "sha1-hmac"
        ],
        "vipObjectType": "list",
        "vipType": "constant"
      },
      "pairwise-keying": {
        "vipValue": "",
        "vipObjectType": "object",
        "vipType": "ignore"
      }
    }
  },
  "gTemplateClass": "cedge",
  "templateDefinition": {
    "ipsec": {
      "rekey": {
        "vipValue": "",
        "vipObjectType": "object",
        "vipType": "ignore"
      },
      "replay-window": {
        "vipValue": "",
        "vipObjectType": "object",
        "vipType": "ignore"
      },
      "authentication-type": {
        "vipValue": [
          "ah-sha1-hmac",
          "sha1-hmac"
        ],
        "vipObjectType": "list",
        "vipType": "constant"
      },
      "pairwise-keying": {
        "vipValue": "",
        "vipObjectType": "object",
        "vipType": "ignore"
      }
    }
  },
  "configType": "xml",
  "attachedMastersCount": 18,
  "templateId": "5814b688-d511-4134-bd62-925d57c9e443",
  "createdOn": 1652385128059,
  "@rid": 131,
  "feature": "vmanage-default",
  "factoryDefault": true,
  "createdBy": "system",
  "templateName": "Default_Security_Cisco_V01",
  "devicesAttached": 5,
  "templateDescription": "Factory Default template for Security Cisco",
  "lastUpdatedOn": 1652385128059
}