{
  "deviceType": [
    "vedge-C1111-8PLTELA"
  ],
  "templateMinVersion": "15.0.0",
  "templateType": "cellular-cedge-controller",
  "lastUpdatedBy": "system",
  "editedTemplateDefinition": {
    "id": {
      "vipObjectType": "object",
      "vipType": "constant",
      "vipValue": "0/2/0",
      "vipVariableName": "cellular_id"
    },
    "lte": {
      "failovertimer": {
        "vipObjectType": "object",
        "vipType": "ignore",
        "vipVariableName": "cellular_failover_timeout"
      },
      "firmware": {
        "auto-sim": {}
      },
      "sim": {
        "primary": {
          "slot": {
            "vipObjectType": "object",
            "vipType": "constant",
            "vipValue": 0,
            "vipVariableName": "cellular_primary_slot"
          }
        },
        "max-retry": {
          "vipObjectType": "object",
          "vipType": "ignore",
          "vipVariableName": "cellular_failover_retries"
        }
      }
    }
  },
  "gTemplateClass": "cedge",
  "templateDefinition": {
    "id": {
      "vipObjectType": "object",
      "vipType": "constant",
      "vipValue": "0/2/0",
      "vipVariableName": "cellular_id"
    },
    "lte": {
      "failovertimer": {
        "vipObjectType": "object",
        "vipType": "ignore",
        "vipVariableName": "cellular_failover_timeout"
      },
      "firmware": {
        "auto-sim": {}
      },
      "sim": {
        "primary": {
          "slot": {
            "vipObjectType": "object",
            "vipType": "constant",
            "vipValue": 0,
            "vipVariableName": "cellular_primary_slot"
          }
        },
        "max-retry": {
          "vipObjectType": "object",
          "vipType": "ignore",
          "vipVariableName": "cellular_failover_retries"
        }
      }
    }
  },
  "configType": "xml",
  "attachedMastersCount": 1,
  "templateId": "e64c5e42-44c1-4003-8da5-bc77555bfb42",
  "createdOn": 1652385126368,
  "@rid": 104,
  "feature": "vmanage-default",
  "factoryDefault": true,
  "createdBy": "system",
  "templateName": "Default_C1111_Cellular_V01",
  "devicesAttached": 0,
  "templateDescription": "Factory Default template for C1111 cellular",
  "lastUpdatedOn": 1652385126368
}