{
  "deviceType": [
    "vedge-C8000V",
    "vedge-ISRv"
  ],
  "templateType": "cisco_vpn",
  "templateMinVersion": "15.0.0",
  "lastUpdatedBy": "system",
  "editedTemplateDefinition": {
    "vpn-id": {
      "vipObjectType": "object",
      "vipType": "constant",
      "vipValue": 511
    },
    "name": {
      "vipObjectType": "object",
      "vipType": "constant",
      "vipValue": "FW_OOB_MGMT",
      "vipVariableName": "vpn_name"
    },
    "ecmp-hash-key": {
      "layer4": {
        "vipObjectType": "object",
        "vipType": "ignore",
        "vipValue": "false",
        "vipVariableName": "vpn_layer4"
      }
    },
    "nat64-global": {
      "prefix": {
        "stateful": {}
      }
    },
    "nat64": {
      "v4": {
        "pool": {
          "vipType": "ignore",
          "vipValue": [],
          "vipObjectType": "tree",
          "vipPrimaryKey": [
            "name"
          ]
        }
      }
    },
    "nat": {
      "natpool": {
        "vipType": "ignore",
        "vipValue": [],
        "vipObjectType": "tree",
        "vipPrimaryKey": [
          "name"
        ]
      },
      "port-forward": {
        "vipType": "ignore",
        "vipValue": [],
        "vipObjectType": "tree",
        "vipPrimaryKey": [
          "source-port",
          "translate-port"
        ]
      },
      "static": {
        "vipType": "ignore",
        "vipValue": [],
        "vipObjectType": "tree",
        "vipPrimaryKey": [
          "source-ip",
          "translate-ip"
        ]
      }
    },
    "route-import": {
      "vipType": "ignore",
      "vipValue": [],
      "vipObjectType": "tree",
      "vipPrimaryKey": [
        "protocol"
      ]
    },
    "route-export": {
      "vipType": "ignore",
      "vipValue": [],
      "vipObjectType": "tree",
      "vipPrimaryKey": [
        "protocol"
      ]
    },
    "host": {
      "vipType": "ignore",
      "vipValue": [],
      "vipObjectType": "tree",
      "vipPrimaryKey": [
        "hostname"
      ]
    },
    "service": {
      "vipType": "ignore",
      "vipValue": [],
      "vipObjectType": "tree",
      "vipPrimaryKey": [
        "svc-type"
      ]
    },
    "ip": {
      "gre-route": {},
      "ipsec-route": {},
      "service-route": {}
    },
    "ipv6": {},
    "omp": {
      "advertise": {
        "vipType": "ignore",
        "vipValue": [],
        "vipObjectType": "tree",
        "vipPrimaryKey": [
          "protocol"
        ]
      },
      "ipv6-advertise": {
        "vipType": "ignore",
        "vipValue": [],
        "vipObjectType": "tree",
        "vipPrimaryKey": [
          "protocol"
        ]
      }
    }
  },
  "gTemplateClass": "cedge",
  "templateDefinition": {
    "vpn-id": {
      "vipObjectType": "object",
      "vipType": "constant",
      "vipValue": 511
    },
    "name": {
      "vipObjectType": "object",
      "vipType": "constant",
      "vipValue": "FW_OOB_MGMT",
      "vipVariableName": "vpn_name"
    },
    "ecmp-hash-key": {
      "layer4": {
        "vipObjectType": "object",
        "vipType": "ignore",
        "vipValue": "false",
        "vipVariableName": "vpn_layer4"
      }
    },
    "nat64-global": {
      "prefix": {
        "stateful": {}
      }
    },
    "nat64": {
      "v4": {
        "pool": {
          "vipType": "ignore",
          "vipValue": [],
          "vipObjectType": "tree",
          "vipPrimaryKey": [
            "name"
          ]
        }
      }
    },
    "nat": {
      "natpool": {
        "vipType": "ignore",
        "vipValue": [],
        "vipObjectType": "tree",
        "vipPrimaryKey": [
          "name"
        ]
      },
      "port-forward": {
        "vipType": "ignore",
        "vipValue": [],
        "vipObjectType": "tree",
        "vipPrimaryKey": [
          "source-port",
          "translate-port"
        ]
      },
      "static": {
        "vipType": "ignore",
        "vipValue": [],
        "vipObjectType": "tree",
        "vipPrimaryKey": [
          "source-ip",
          "translate-ip"
        ]
      }
    },
    "route-import": {
      "vipType": "ignore",
      "vipValue": [],
      "vipObjectType": "tree",
      "vipPrimaryKey": [
        "protocol"
      ]
    },
    "route-export": {
      "vipType": "ignore",
      "vipValue": [],
      "vipObjectType": "tree",
      "vipPrimaryKey": [
        "protocol"
      ]
    },
    "host": {
      "vipType": "ignore",
      "vipValue": [],
      "vipObjectType": "tree",
      "vipPrimaryKey": [
        "hostname"
      ]
    },
    "service": {
      "vipType": "ignore",
      "vipValue": [],
      "vipObjectType": "tree",
      "vipPrimaryKey": [
        "svc-type"
      ]
    },
    "ip": {
      "gre-route": {},
      "ipsec-route": {},
      "service-route": {}
    },
    "ipv6": {},
    "omp": {
      "advertise": {
        "vipType": "ignore",
        "vipValue": [],
        "vipObjectType": "tree",
        "vipPrimaryKey": [
          "protocol"
        ]
      },
      "ipv6-advertise": {
        "vipType": "ignore",
        "vipValue": [],
        "vipObjectType": "tree",
        "vipPrimaryKey": [
          "protocol"
        ]
      }
    }
  },
  "configType": "xml",
  "attachedMastersCount": 2,
  "templateId": "a0a61ca2-c350-4e66-af68-0f93c4f5e9ef",
  "createdOn": 1652445778591,
  "@rid": 23,
  "feature": "vmanage-default",
  "factoryDefault": true,
  "createdBy": "system",
  "templateName": "Default_SDBranch_MGMT_VPN511_V01",
  "devicesAttached": 0,
  "templateDescription": "VPN 511 for OOB Management of FW",
  "lastUpdatedOn": 1652445778591
}