{
  "deviceType": [
    "vedge-C1111-8PLTELA"
  ],
  "templateType": "switchport",
  "templateMinVersion": "15.0.0",
  "lastUpdatedBy": "system",
  "editedTemplateDefinition": {
    "slot": {
      "vipObjectType": "object",
      "vipType": "constant",
      "vipValue": 0
    },
    "module": {
      "vipObjectType": "object",
      "vipType": "constant",
      "vipValue": "8"
    },
    "age-time": {
      "vipObjectType": "object",
      "vipType": "ignore",
      "vipValue": 300,
      "vipVariableName": "switchport_'age_time'"
    },
    "subslot": {
      "vipObjectType": "object",
      "vipType": "constant",
      "vipValue": 1
    }
  },
  "gTemplateClass": "cedge",
  "templateDefinition": {
    "slot": {
      "vipObjectType": "object",
      "vipType": "constant",
      "vipValue": 0
    },
    "module": {
      "vipObjectType": "object",
      "vipType": "constant",
      "vipValue": "8"
    },
    "age-time": {
      "vipObjectType": "object",
      "vipType": "ignore",
      "vipValue": 300,
      "vipVariableName": "switchport_'age_time'"
    },
    "subslot": {
      "vipObjectType": "object",
      "vipType": "constant",
      "vipValue": 1
    }
  },
  "configType": "xml",
  "attachedMastersCount": 1,
  "templateId": "7c0f39ce-09e6-4b6f-858a-a73741c8b388",
  "createdOn": 1652385127571,
  "@rid": 122,
  "feature": "vmanage-default",
  "factoryDefault": true,
  "createdBy": "system",
  "templateName": "Default_C1111_Switch_Port_V01",
  "devicesAttached": 0,
  "templateDescription": "Factory Default template for C1111 switch port",
  "lastUpdatedOn": 1652385127571
}