{
  "deviceType": [
    "vedge-C8000V"
  ],
  "templateType": "cisco_banner",
  "templateMinVersion": "15.0.0",
  "lastUpdatedBy": "system",
  "editedTemplateDefinition": {
    "login": {
      "vipObjectType": "object",
      "vipType": "constant",
      "vipValue": "Un authorised Logins tracked",
      "vipVariableName": "banner_login"
    },
    "motd": {
      "vipObjectType": "object",
      "vipType": "constant",
      "vipValue": "Restricted Use",
      "vipVariableName": "banner_motd"
    }
  },
  "gTemplateClass": "cedge",
  "templateDefinition": {
    "login": {
      "vipObjectType": "object",
      "vipType": "constant",
      "vipValue": "Un authorised Logins tracked",
      "vipVariableName": "banner_login"
    },
    "motd": {
      "vipObjectType": "object",
      "vipType": "constant",
      "vipValue": "Restricted Use",
      "vipVariableName": "banner_motd"
    }
  },
  "configType": "xml",
  "attachedMastersCount": 7,
  "templateId": "76b27aaf-d3e8-4cb9-aea4-a3c35f4ba278",
  "createdOn": 1652445782578,
  "@rid": 472,
  "feature": "vmanage-default",
  "factoryDefault": true,
  "createdBy": "system",
  "templateName": "Factory_Default_Retail_Banner",
  "devicesAttached": 5,
  "templateDescription": "Factory Default Retail Banner",
  "lastUpdatedOn": 1652445782578
}