{
  "deviceType": [
    "vedge-1000",
    "vedge-2000",
    "vedge-cloud",
    "vedge-5000",
    "vedge-ISR1100-6G",
    "vedge-100-B",
    "vedge-ISR1100-4G",
    "vedge-100",
    "vedge-ISR1100-4GLTE",
    "vedge-100-WM",
    "vedge-100-M",
    "vedge-ISR1100X-6G",
    "vedge-ISR1100X-4G"
  ],
  "templateMinVersion": "20.1.0",
  "templateType": "vpn-vedge",
  "lastUpdatedBy": "system",
  "editedTemplateDefinition": {
    "vpn-id": {
      "vipObjectType": "object",
      "vipType": "constant",
      "vipValue": 512
    },
    "name": {
      "vipObjectType": "object",
      "vipType": "constant",
      "vipValue": "Transport VPN"
    },
    "ecmp-hash-key": {
      "layer4": {
        "vipObjectType": "object",
        "vipType": "ignore",
        "vipValue": "false"
      }
    },
    "nat64": {
      "v4": {
        "pool": {
          "vipType": "ignore",
          "vipValue": [],
          "vipObjectType": "tree",
          "vipPrimaryKey": [
            "name"
          ]
        }
      }
    },
    "tcp-optimization": {
      "vipObjectType": "node-only",
      "vipType": "ignore",
      "vipValue": "false"
    },
    "nat64-global": {
      "prefix": {
        "stateful": {}
      }
    },
    "host": {
      "vipType": "ignore",
      "vipValue": [],
      "vipObjectType": "tree",
      "vipPrimaryKey": [
        "hostname"
      ]
    },
    "service": {
      "vipType": "ignore",
      "vipValue": [],
      "vipObjectType": "tree",
      "vipPrimaryKey": [
        "svc-type"
      ]
    },
    "ip": {
      "gre-route": {},
      "ipsec-route": {},
      "service-route": {}
    },
    "ipv6": {},
    "omp": {
      "advertise": {
        "vipType": "ignore",
        "vipValue": [],
        "vipObjectType": "tree",
        "vipPrimaryKey": [
          "protocol"
        ]
      },
      "ipv6-advertise": {
        "vipType": "ignore",
        "vipValue": [],
        "vipObjectType": "tree",
        "vipPrimaryKey": [
          "protocol"
        ]
      }
    }
  },
  "gTemplateClass": "vedge",
  "templateDefinition": {
    "vpn-id": {
      "vipObjectType": "object",
      "vipType": "constant",
      "vipValue": 512
    },
    "name": {
      "vipObjectType": "object",
      "vipType": "constant",
      "vipValue": "Transport VPN"
    },
    "ecmp-hash-key": {
      "layer4": {
        "vipObjectType": "object",
        "vipType": "ignore",
        "vipValue": "false"
      }
    },
    "nat64": {
      "v4": {
        "pool": {
          "vipType": "ignore",
          "vipValue": [],
          "vipObjectType": "tree",
          "vipPrimaryKey": [
            "name"
          ]
        }
      }
    },
    "tcp-optimization": {
      "vipObjectType": "node-only",
      "vipType": "ignore",
      "vipValue": "false"
    },
    "nat64-global": {
      "prefix": {
        "stateful": {}
      }
    },
    "host": {
      "vipType": "ignore",
      "vipValue": [],
      "vipObjectType": "tree",
      "vipPrimaryKey": [
        "hostname"
      ]
    },
    "service": {
      "vipType": "ignore",
      "vipValue": [],
      "vipObjectType": "tree",
      "vipPrimaryKey": [
        "svc-type"
      ]
    },
    "ip": {
      "gre-route": {},
      "ipsec-route": {},
      "service-route": {}
    },
    "ipv6": {},
    "omp": {
      "advertise": {
        "vipType": "ignore",
        "vipValue": [],
        "vipObjectType": "tree",
        "vipPrimaryKey": [
          "protocol"
        ]
      },
      "ipv6-advertise": {
        "vipType": "ignore",
        "vipValue": [],
        "vipObjectType": "tree",
        "vipPrimaryKey": [
          "protocol"
        ]
      }
    }
  },
  "configType": "xml",
  "attachedMastersCount": 1,
  "templateId": "2b60f8c4-2e86-47ba-bc4d-e47d10028c36",
  "createdOn": 1652385129762,
  "@rid": 161,
  "feature": "vmanage-default",
  "factoryDefault": true,
  "createdBy": "system",
  "templateName": "Factory_Default_vEdge_VPN_512_Template_V01",
  "devicesAttached": 0,
  "templateDescription": "Default Management VPN template settings for vEdge Version 01",
  "lastUpdatedOn": 1652385129762
}