{
  "deviceType": [
    "vedge-C8000V",
    "vedge-C8500L-8S4X",
    "vedge-CSR-1000v",
    "vedge-ISRv"
  ],
  "templateMinVersion": "15.0.0",
  "templateType": "appqoe",
  "lastUpdatedBy": "system",
  "editedTemplateDefinition": {
    "service-node-group": {
      "vipType": "constant",
      "vipObjectType": "tree",
      "vipPrimaryKey": [
        "name"
      ],
      "vipValue": [
        {
          "name": {
            "vipObjectType": "object",
            "vipType": "constant",
            "vipValue": "SNG-APPQOE"
          },
          "external-node": {
            "vipObjectType": "object",
            "vipType": "constant",
            "vipValue": "true"
          },
          "service-node": {
            "vipObjectType": "tree",
            "vipType": "constant",
            "vipPrimaryKey": [
              "address"
            ],
            "vipValue": [
              {
                "address": {
                  "vipObjectType": "object",
                  "vipType": "constant",
                  "vipValue": "192.168.2.2",
                  "vipVariableName": "appqoe_service_node_address"
                },
                "vpg-ip": {
                  "vipObjectType": "object",
                  "vipType": "constant",
                  "vipValue": "192.168.2.1/24",
                  "vipVariableName": "appqoe_virtual_port_group_address"
                }
              }
            ]
          }
        }
      ]
    }
  },
  "gTemplateClass": "cedge",
  "templateDefinition": {
    "service-node-group": {
      "vipType": "constant",
      "vipObjectType": "tree",
      "vipPrimaryKey": [
        "name"
      ],
      "vipValue": [
        {
          "name": {
            "vipObjectType": "object",
            "vipType": "constant",
            "vipValue": "SNG-APPQOE"
          },
          "external-node": {
            "vipObjectType": "object",
            "vipType": "constant",
            "vipValue": "true"
          },
          "service-node": {
            "vipObjectType": "tree",
            "vipType": "constant",
            "vipPrimaryKey": [
              "address"
            ],
            "vipValue": [
              {
                "address": {
                  "vipObjectType": "object",
                  "vipType": "constant",
                  "vipValue": "192.168.2.2",
                  "vipVariableName": "appqoe_service_node_address"
                },
                "vpg-ip": {
                  "vipObjectType": "object",
                  "vipType": "constant",
                  "vipValue": "192.168.2.1/24",
                  "vipVariableName": "appqoe_virtual_port_group_address"
                }
              }
            ]
          }
        }
      ]
    }
  },
  "attachedMastersCount": 0,
  "configType": "xml",
  "templateId": "ad4766b3-5433-4a53-90f4-738cbaa80bf8",
  "createdOn": 1652445780911,
  "@rid": 436,
  "feature": "vmanage-default",
  "factoryDefault": true,
  "createdBy": "system",
  "templateName": "Factory_Default_AppQoE_ExternalServiceNode_Template",
  "devicesAttached": 0,
  "templateDescription": "Default AppQoE External Service Node template settings",
  "lastUpdatedOn": 1652445780911
}