{
  "deviceType": [
    "vsmart",
    "vmanage"
  ],
  "templateMinVersion": "15.0.0",
  "templateType": "security-vsmart",
  "lastUpdatedBy": "system",
  "editedTemplateDefinition": {
    "control": {
      "protocol": {
        "vipObjectType": "object",
        "vipType": "ignore",
        "vipValue": "dtls"
      }
    }
  },
  "gTemplateClass": "vedge",
  "templateDefinition": {
    "control": {
      "protocol": {
        "vipObjectType": "object",
        "vipType": "ignore",
        "vipValue": "dtls"
      }
    }
  },
  "attachedMastersCount": 0,
  "configType": "xml",
  "templateId": "cd91ac8e-0360-4937-9d53-cb7f0ec743b6",
  "createdOn": 1652385128669,
  "@rid": 141,
  "feature": "vmanage-default",
  "factoryDefault": true,
  "createdBy": "system",
  "templateName": "Factory_Default_vSmart_vManage_Security_Template",
  "devicesAttached": 0,
  "templateDescription": "Default Security template settings for vSmart and vManage",
  "lastUpdatedOn": 1652385128669
}