{
  "deviceType": [
    "vedge-C8000V"
  ],
  "templateType": "cisco_omp",
  "templateMinVersion": "15.0.0",
  "lastUpdatedBy": "admin",
  "editedTemplateDefinition": {
    "graceful-restart": {
      "vipObjectType": "object",
      "vipType": "ignore",
      "vipValue": "true",
      "vipVariableName": "omp_graceful_restart"
    },
    "send-path-limit": {
      "vipObjectType": "object",
      "vipType": "ignore",
      "vipValue": 4,
      "vipVariableName": "omp_send_path_limit"
    },
    "overlay-as": {
      "vipObjectType": "object",
      "vipType": "ignore",
      "vipVariableName": "overlay_as"
    },
    "ecmp-limit": {
      "vipObjectType": "object",
      "vipType": "ignore",
      "vipValue": 4,
      "vipVariableName": "omp_ecmp_limit"
    },
    "shutdown": {
      "vipObjectType": "object",
      "vipType": "ignore",
      "vipValue": "false",
      "vipVariableName": "omp_shutdown"
    },
    "timers": {
      "advertisement-interval": {
        "vipObjectType": "object",
        "vipType": "ignore",
        "vipValue": 1,
        "vipVariableName": "omp_advertisement_interval"
      },
      "graceful-restart-timer": {
        "vipObjectType": "object",
        "vipType": "ignore",
        "vipValue": 43200,
        "vipVariableName": "omp_graceful_restart_timer"
      },
      "holdtime": {
        "vipObjectType": "object",
        "vipType": "ignore",
        "vipValue": 60,
        "vipVariableName": "omp_holdtime"
      },
      "eor-timer": {
        "vipObjectType": "object",
        "vipType": "ignore",
        "vipValue": 300,
        "vipVariableName": "omp_eor_timer"
      }
    },
    "omp-admin-distance-ipv4": {
      "vipObjectType": "object",
      "vipType": "ignore",
      "vipVariableName": "vpn_omp-admin-distance-ipv4"
    },
    "omp-admin-distance-ipv6": {
      "vipObjectType": "object",
      "vipType": "ignore",
      "vipVariableName": "vpn_omp-admin-distance-ipv6"
    },
    "advertise": {
      "vipType": "constant",
      "vipValue": [
        {
          "priority-order": [
            "protocol"
          ],
          "protocol": {
            "vipType": "constant",
            "vipValue": "bgp",
            "vipObjectType": "object"
          }
        },
        {
          "priority-order": [
            "protocol"
          ],
          "protocol": {
            "vipType": "constant",
            "vipValue": "connected",
            "vipObjectType": "object"
          }
        },
        {
          "priority-order": [
            "protocol"
          ],
          "protocol": {
            "vipType": "constant",
            "vipValue": "static",
            "vipObjectType": "object"
          }
        }
      ],
      "vipObjectType": "tree",
      "vipPrimaryKey": [
        "protocol"
      ]
    },
    "ipv6-advertise": {
      "vipType": "constant",
      "vipValue": [
        {
          "priority-order": [
            "protocol"
          ],
          "protocol": {
            "vipType": "constant",
            "vipValue": "connected",
            "vipObjectType": "object"
          }
        },
        {
          "priority-order": [
            "protocol"
          ],
          "protocol": {
            "vipType": "constant",
            "vipValue": "static",
            "vipObjectType": "object"
          }
        }
      ],
      "vipObjectType": "tree",
      "vipPrimaryKey": [
        "protocol"
      ]
    }
  },
  "gTemplateClass": "cedge",
  "templateDefinition": {
    "graceful-restart": {
      "vipObjectType": "object",
      "vipType": "ignore",
      "vipValue": "true",
      "vipVariableName": "omp_graceful_restart"
    },
    "send-path-limit": {
      "vipObjectType": "object",
      "vipType": "ignore",
      "vipValue": 4,
      "vipVariableName": "omp_send_path_limit"
    },
    "overlay-as": {
      "vipObjectType": "object",
      "vipType": "ignore",
      "vipVariableName": "overlay_as"
    },
    "ecmp-limit": {
      "vipObjectType": "object",
      "vipType": "ignore",
      "vipValue": 4,
      "vipVariableName": "omp_ecmp_limit"
    },
    "shutdown": {
      "vipObjectType": "object",
      "vipType": "ignore",
      "vipValue": "false",
      "vipVariableName": "omp_shutdown"
    },
    "timers": {
      "advertisement-interval": {
        "vipObjectType": "object",
        "vipType": "ignore",
        "vipValue": 1,
        "vipVariableName": "omp_advertisement_interval"
      },
      "graceful-restart-timer": {
        "vipObjectType": "object",
        "vipType": "ignore",
        "vipValue": 43200,
        "vipVariableName": "omp_graceful_restart_timer"
      },
      "holdtime": {
        "vipObjectType": "object",
        "vipType": "ignore",
        "vipValue": 60,
        "vipVariableName": "omp_holdtime"
      },
      "eor-timer": {
        "vipObjectType": "object",
        "vipType": "ignore",
        "vipValue": 300,
        "vipVariableName": "omp_eor_timer"
      }
    },
    "omp-admin-distance-ipv4": {
      "vipObjectType": "object",
      "vipType": "ignore",
      "vipVariableName": "vpn_omp-admin-distance-ipv4"
    },
    "omp-admin-distance-ipv6": {
      "vipObjectType": "object",
      "vipType": "ignore",
      "vipVariableName": "vpn_omp-admin-distance-ipv6"
    },
    "advertise": {
      "vipType": "constant",
      "vipValue": [
        {
          "priority-order": [
            "protocol"
          ],
          "protocol": {
            "vipType": "constant",
            "vipValue": "bgp",
            "vipObjectType": "object"
          }
        },
        {
          "priority-order": [
            "protocol"
          ],
          "protocol": {
            "vipType": "constant",
            "vipValue": "connected",
            "vipObjectType": "object"
          }
        },
        {
          "priority-order": [
            "protocol"
          ],
          "protocol": {
            "vipType": "constant",
            "vipValue": "static",
            "vipObjectType": "object"
          }
        }
      ],
      "vipObjectType": "tree",
      "vipPrimaryKey": [
        "protocol"
      ]
    },
    "ipv6-advertise": {
      "vipType": "constant",
      "vipValue": [
        {
          "priority-order": [
            "protocol"
          ],
          "protocol": {
            "vipType": "constant",
            "vipValue": "connected",
            "vipObjectType": "object"
          }
        },
        {
          "priority-order": [
            "protocol"
          ],
          "protocol": {
            "vipType": "constant",
            "vipValue": "static",
            "vipObjectType": "object"
          }
        }
      ],
      "vipObjectType": "tree",
      "vipPrimaryKey": [
        "protocol"
      ]
    }
  },
  "configType": "xml",
  "attachedMastersCount": 4,
  "templateId": "c86ca302-6d1a-4d72-9712-3cea943123fe",
  "createdOn": 1653589632181,
  "@rid": 1033,
  "feature": "vmanage-default",
  "factoryDefault": false,
  "createdBy": "admin",
  "templateName": "OMP_ADVERTISE_BGP",
  "devicesAttached": 5,
  "templateDescription": "Enable advertisement for BGP into OMP",
  "lastUpdatedOn": 1653589632181
}