{
  "policyDefinition": {
    "assembly": [
      {
        "definitionId": "9c54d0cf-6ed0-49bc-b0b2-85f9457fe302",
        "type": "data",
        "entries": [
          {
            "siteLists": [
              "264f7ad3-1356-469e-9469-1ded7d26927d"
            ],
            "vpnLists": [
              "7c249503-4785-4455-9636-5ab17ea80b9d"
            ],
            "direction": "all"
          }
        ]
      }
    ]
  },
  "policyType": "feature",
  "policyName": "MSX-CentralizedPolicy",
  "policyDescription": "MSX-CentralizedPolicy",
  "isPolicyActivated": true
}