{
  "header": {
    "generatedOn": 1654824895750,
    "columns": [
      {
        "property": "csv-status",
        "title": "Status",
        "toolTip": "Input status",
        "hideable": false,
        "dataType": "string",
        "editable": false,
        "isDisplay": true,
        "isLeftPinned": true,
        "minWidth": 30,
        "width": 30,
        "display": "icon",
        "iconProperty": "csv-status",
        "icon": [
          {
            "key": "complete",
            "value": "images/template_complete.png"
          },
          {
            "key": "in_complete",
            "value": "images/template_in_complete.png"
          }
        ]
      },
      {
        "property": "csv-deviceId",
        "title": "Chassis Number",
        "toolTip": "UUID: csv-deviceId",
        "hideable": false,
        "dataType": "string",
        "editable": false,
        "isDisplay": true,
        "isLeftPinned": true,
        "objectType": "object",
        "templateType": "None",
        "values": false,
        "optional": false,
        "width": 280
      },
      {
        "property": "csv-deviceIP",
        "title": "System IP",
        "toolTip": "Device IP: csv-deviceIP",
        "hideable": false,
        "dataType": "string",
        "editable": false,
        "isDisplay": true,
        "isLeftPinned": true,
        "objectType": "object",
        "templateType": "None",
        "values": false,
        "optional": false,
        "width": 100
      },
      {
        "property": "csv-host-name",
        "title": "Hostname",
        "toolTip": "Host name: csv-host-name",
        "hideable": false,
        "dataType": "string",
        "editable": false,
        "isDisplay": true,
        "isLeftPinned": true,
        "objectType": "object",
        "templateType": "None",
        "values": false,
        "optional": false,
        "width": 180
      },
      {
        "property": "/55/LAN_VPN_55_if_name/interface/if-name",
        "title": "Interface Name(LAN_VPN_55_if_name)",
        "toolTip": "Interface name: ge0/<0-..> or ge0/<0-..>.vlanid or irb<bridgeid:1-63> or loopback<string> or natpool-<1..31> when present: /55/LAN_VPN_55_if_name/interface/if-name",
        "hideable": false,
        "dataType": "string",
        "editable": true,
        "isDisplay": true,
        "isLeftPinned": false,
        "objectType": "object",
        "templateType": "cisco_vpn_interface",
        "values": false,
        "optional": false,
        "width": 100
      },
      {
        "property": "/55/LAN_VPN_55_if_name/interface/ip/address",
        "title": "IPv4 Address/ prefix-length(LAN_VPN_55_if_ipv4_address)",
        "toolTip": "Assign IPv4 address: /55/LAN_VPN_55_if_name/interface/ip/address",
        "hideable": false,
        "dataType": "ipv4-prefix",
        "editable": true,
        "isDisplay": true,
        "isLeftPinned": false,
        "objectType": "object",
        "templateType": "cisco_vpn_interface",
        "values": false,
        "optional": false,
        "width": 100
      },
      {
        "property": "/55//router/bgp/as-num",
        "title": "AS Number(bgp_VPN55_as_num)",
        "toolTip": "Set autonomous system number <1..4294967295> or <XX.YY>: /55//router/bgp/as-num",
        "hideable": false,
        "dataType": "number",
        "editable": true,
        "isDisplay": true,
        "isLeftPinned": false,
        "objectType": "object",
        "templateType": "cisco_bgp",
        "values": false,
        "optional": false,
        "width": 100
      },
      {
        "property": "/55//router/bgp/neighbor/bgp_VPN55_neighbor_address/address",
        "title": "Address(bgp_VPN55_neighbor_address)",
        "toolTip": "Set neighbor address: /55//router/bgp/neighbor/bgp_VPN55_neighbor_address/address",
        "hideable": false,
        "dataType": "ipv4",
        "editable": true,
        "isDisplay": true,
        "isLeftPinned": false,
        "objectType": "object",
        "templateType": "cisco_bgp",
        "values": false,
        "optional": false,
        "width": 100
      },
      {
        "property": "/55//router/bgp/neighbor/bgp_VPN55_neighbor_address/remote-as",
        "title": "Remote AS(bgp_VPN55_neighbor_remote_as)",
        "toolTip": "Set remote autonomous system number: /55//router/bgp/neighbor/bgp_VPN55_neighbor_address/remote-as",
        "hideable": false,
        "dataType": "remoteAS",
        "editable": true,
        "isDisplay": true,
        "isLeftPinned": false,
        "objectType": "object",
        "templateType": "cisco_bgp",
        "values": false,
        "optional": false,
        "width": 100
      },
      {
        "property": "/33/LAN_VPN_33_if_name/interface/if-name",
        "title": "Interface Name(LAN_VPN_33_if_name)",
        "toolTip": "Interface name: ge0/<0-..> or ge0/<0-..>.vlanid or irb<bridgeid:1-63> or loopback<string> or natpool-<1..31> when present: /33/LAN_VPN_33_if_name/interface/if-name",
        "hideable": false,
        "dataType": "string",
        "editable": true,
        "isDisplay": true,
        "isLeftPinned": false,
        "objectType": "object",
        "templateType": "cisco_vpn_interface",
        "values": false,
        "optional": false,
        "width": 100
      },
      {
        "property": "/33/LAN_VPN_33_if_name/interface/ip/address",
        "title": "IPv4 Address/ prefix-length(LAN_VPN_33_if_ipv4_address)",
        "toolTip": "Assign IPv4 address: /33/LAN_VPN_33_if_name/interface/ip/address",
        "hideable": false,
        "dataType": "ipv4-prefix",
        "editable": true,
        "isDisplay": true,
        "isLeftPinned": false,
        "objectType": "object",
        "templateType": "cisco_vpn_interface",
        "values": false,
        "optional": false,
        "width": 100
      },
      {
        "property": "/33//router/bgp/as-num",
        "title": "AS Number(bgp_VPN33_as_num)",
        "toolTip": "Set autonomous system number <1..4294967295> or <XX.YY>: /33//router/bgp/as-num",
        "hideable": false,
        "dataType": "number",
        "editable": true,
        "isDisplay": true,
        "isLeftPinned": false,
        "objectType": "object",
        "templateType": "cisco_bgp",
        "values": false,
        "optional": false,
        "width": 100
      },
      {
        "property": "/33//router/bgp/neighbor/bgp_VPN33_neighbor_address/address",
        "title": "Address(bgp_VPN33_neighbor_address)",
        "toolTip": "Set neighbor address: /33//router/bgp/neighbor/bgp_VPN33_neighbor_address/address",
        "hideable": false,
        "dataType": "ipv4",
        "editable": true,
        "isDisplay": true,
        "isLeftPinned": false,
        "objectType": "object",
        "templateType": "cisco_bgp",
        "values": false,
        "optional": false,
        "width": 100
      },
      {
        "property": "/33//router/bgp/neighbor/bgp_VPN33_neighbor_address/remote-as",
        "title": "Remote AS(bgp_VPN33_neighbor_remote_as)",
        "toolTip": "Set remote autonomous system number: /33//router/bgp/neighbor/bgp_VPN33_neighbor_address/remote-as",
        "hideable": false,
        "dataType": "remoteAS",
        "editable": true,
        "isDisplay": true,
        "isLeftPinned": false,
        "objectType": "object",
        "templateType": "cisco_bgp",
        "values": false,
        "optional": false,
        "width": 100
      },
      {
        "property": "/11/LAN_VPN_11_if_name/interface/if-name",
        "title": "Interface Name(LAN_VPN_11_if_name)",
        "toolTip": "Interface name: ge0/<0-..> or ge0/<0-..>.vlanid or irb<bridgeid:1-63> or loopback<string> or natpool-<1..31> when present: /11/LAN_VPN_11_if_name/interface/if-name",
        "hideable": false,
        "dataType": "string",
        "editable": true,
        "isDisplay": true,
        "isLeftPinned": false,
        "objectType": "object",
        "templateType": "cisco_vpn_interface",
        "values": false,
        "optional": false,
        "width": 100
      },
      {
        "property": "/11/LAN_VPN_11_if_name/interface/ip/address",
        "title": "IPv4 Address/ prefix-length(LAN_VPN_11_if_ipv4_address)",
        "toolTip": "Assign IPv4 address: /11/LAN_VPN_11_if_name/interface/ip/address",
        "hideable": false,
        "dataType": "ipv4-prefix",
        "editable": true,
        "isDisplay": true,
        "isLeftPinned": false,
        "objectType": "object",
        "templateType": "cisco_vpn_interface",
        "values": false,
        "optional": false,
        "width": 100
      },
      {
        "property": "/11//router/bgp/as-num",
        "title": "AS Number(bgp_VPN11_as_num)",
        "toolTip": "Set autonomous system number <1..4294967295> or <XX.YY>: /11//router/bgp/as-num",
        "hideable": false,
        "dataType": "number",
        "editable": true,
        "isDisplay": true,
        "isLeftPinned": false,
        "objectType": "object",
        "templateType": "cisco_bgp",
        "values": false,
        "optional": false,
        "width": 100
      },
      {
        "property": "/11//router/bgp/neighbor/bgp_VPN11_neighbor_address/address",
        "title": "Address(bgp_VPN11_neighbor_address)",
        "toolTip": "Set neighbor address: /11//router/bgp/neighbor/bgp_VPN11_neighbor_address/address",
        "hideable": false,
        "dataType": "ipv4",
        "editable": true,
        "isDisplay": true,
        "isLeftPinned": false,
        "objectType": "object",
        "templateType": "cisco_bgp",
        "values": false,
        "optional": false,
        "width": 100
      },
      {
        "property": "/11//router/bgp/neighbor/bgp_VPN11_neighbor_address/remote-as",
        "title": "Remote AS(bgp_VPN11_neighbor_remote_as)",
        "toolTip": "Set remote autonomous system number: /11//router/bgp/neighbor/bgp_VPN11_neighbor_address/remote-as",
        "hideable": false,
        "dataType": "remoteAS",
        "editable": true,
        "isDisplay": true,
        "isLeftPinned": false,
        "objectType": "object",
        "templateType": "cisco_bgp",
        "values": false,
        "optional": false,
        "width": 100
      },
      {
        "property": "/0/LAN_MAIN_for_SUB_INT/interface/if-name",
        "title": "Interface Name(LAN_MAIN_for_SUB_INT)",
        "toolTip": "Interface name: ge0/<0-..> or ge0/<0-..>.vlanid or irb<bridgeid:1-63> or loopback<string> or natpool-<1..31> when present: /0/LAN_MAIN_for_SUB_INT/interface/if-name",
        "hideable": false,
        "dataType": "string",
        "editable": true,
        "isDisplay": true,
        "isLeftPinned": false,
        "objectType": "object",
        "templateType": "cisco_vpn_interface",
        "values": false,
        "optional": false,
        "width": 100
      },
      {
        "property": "/0/Cellular_VPN_0_if_name/interface/if-name",
        "title": "Interface Name(Cellular_VPN_0_if_name)",
        "toolTip": "Interface name: ge0/<0-..> or ge0/<0-..>.vlanid or irb<bridgeid:1-63> or loopback<string> or natpool-<1..31> when present: /0/Cellular_VPN_0_if_name/interface/if-name",
        "hideable": false,
        "dataType": "string",
        "editable": true,
        "isDisplay": true,
        "isLeftPinned": false,
        "objectType": "object",
        "templateType": "cisco_vpn_interface",
        "values": false,
        "optional": false,
        "width": 100
      },
      {
        "property": "/0/INET_VPN_0_if_name/interface/if-name",
        "title": "Interface Name(INET_VPN_0_if_name)",
        "toolTip": "Interface name: ge0/<0-..> or ge0/<0-..>.vlanid or irb<bridgeid:1-63> or loopback<string> or natpool-<1..31> when present: /0/INET_VPN_0_if_name/interface/if-name",
        "hideable": false,
        "dataType": "string",
        "editable": true,
        "isDisplay": true,
        "isLeftPinned": false,
        "objectType": "object",
        "templateType": "cisco_vpn_interface",
        "values": false,
        "optional": false,
        "width": 100
      },
      {
        "property": "/0/MPLS_VPN_0_if_name/interface/if-name",
        "title": "Interface Name(MPLS_VPN_0_if_name)",
        "toolTip": "Interface name: ge0/<0-..> or ge0/<0-..>.vlanid or irb<bridgeid:1-63> or loopback<string> or natpool-<1..31> when present: /0/MPLS_VPN_0_if_name/interface/if-name",
        "hideable": false,
        "dataType": "string",
        "editable": true,
        "isDisplay": true,
        "isLeftPinned": false,
        "objectType": "object",
        "templateType": "cisco_vpn_interface",
        "values": false,
        "optional": false,
        "width": 100
      },
      {
        "property": "//system/host-name",
        "title": "Hostname(system_host_name)",
        "toolTip": "Set the hostname: //system/host-name",
        "hideable": false,
        "dataType": "string",
        "editable": true,
        "isDisplay": true,
        "isLeftPinned": false,
        "objectType": "object",
        "templateType": "cisco_system",
        "values": false,
        "optional": false,
        "width": 100
      },
      {
        "property": "//system/system-ip",
        "title": "System IP(system_system_ip)",
        "toolTip": "Set the system IP address: //system/system-ip",
        "hideable": false,
        "dataType": "string",
        "editable": true,
        "isDisplay": true,
        "isLeftPinned": false,
        "objectType": "object",
        "templateType": "cisco_system",
        "values": false,
        "optional": false,
        "width": 100
      },
      {
        "property": "//system/site-id",
        "title": "Site ID(system_site_id)",
        "toolTip": "Set the site identifier: //system/site-id",
        "hideable": false,
        "dataType": "number",
        "editable": true,
        "isDisplay": true,
        "isLeftPinned": false,
        "objectType": "object",
        "templateType": "cisco_system",
        "values": false,
        "optional": false,
        "width": 100
      }
    ],
    "templateVariableCount": 22,
    "fields": {}
  },
  "data": [
    {
      "csv-status": "complete",
      "csv-deviceId": "C8K-B7E14C38-F84F-D217-8014-8A338115CF9B",
      "csv-deviceIP": "11.11.11.1",
      "csv-host-name": "DC-1-R1",
      "/0/Cellular_VPN_0_if_name/interface/if-name": "GigabitEthernet3",
      "//system/site-id": "11",
      "/0/MPLS_VPN_0_if_name/interface/if-name": "GigabitEthernet1",
      "//system/host-name": "DC-1-R1",
      "/0/INET_VPN_0_if_name/interface/if-name": "GigabitEthernet2",
      "//system/system-ip": "11.11.11.1",
      "/55/LAN_VPN_55_if_name/interface/if-name": "GigabitEthernet4.55",
      "/55/LAN_VPN_55_if_name/interface/ip/address": "172.50.155.2/24",
      "/55//router/bgp/as-num": "65111",
      "/55//router/bgp/neighbor/bgp_VPN55_neighbor_address/address": "172.50.155.1",
      "/55//router/bgp/neighbor/bgp_VPN55_neighbor_address/remote-as": "65111",
      "/33/LAN_VPN_33_if_name/interface/if-name": "GigabitEthernet4.33",
      "/33/LAN_VPN_33_if_name/interface/ip/address": "172.50.133.2/24",
      "/33//router/bgp/as-num": "65111",
      "/33//router/bgp/neighbor/bgp_VPN33_neighbor_address/address": "172.50.133.1",
      "/33//router/bgp/neighbor/bgp_VPN33_neighbor_address/remote-as": "65111",
      "/11/LAN_VPN_11_if_name/interface/if-name": "GigabitEthernet4.11",
      "/11/LAN_VPN_11_if_name/interface/ip/address": "172.50.111.2/24",
      "/11//router/bgp/as-num": "65111",
      "/11//router/bgp/neighbor/bgp_VPN11_neighbor_address/address": "172.50.111.1",
      "/11//router/bgp/neighbor/bgp_VPN11_neighbor_address/remote-as": "65111",
      "/0/LAN_MAIN_for_SUB_INT/interface/if-name": "GigabitEthernet4"
    },
    {
      "csv-status": "complete",
      "csv-deviceId": "C8K-E2AFA37C-21A0-4345-F226-A6EB11C1C5DC",
      "csv-deviceIP": "22.22.22.1",
      "csv-host-name": "DC-2-R1",
      "/0/Cellular_VPN_0_if_name/interface/if-name": "GigabitEthernet3",
      "//system/site-id": "22",
      "/0/MPLS_VPN_0_if_name/interface/if-name": "GigabitEthernet1",
      "//system/host-name": "DC-2-R1",
      "/0/INET_VPN_0_if_name/interface/if-name": "GigabitEthernet2",
      "//system/system-ip": "22.22.22.1",
      "/55/LAN_VPN_55_if_name/interface/if-name": "GigabitEthernet4.55",
      "/55/LAN_VPN_55_if_name/interface/ip/address": "172.50.205.2/24",
      "/55//router/bgp/as-num": "65222",
      "/55//router/bgp/neighbor/bgp_VPN55_neighbor_address/address": "172.50.205.1",
      "/55//router/bgp/neighbor/bgp_VPN55_neighbor_address/remote-as": "65222",
      "/33/LAN_VPN_33_if_name/interface/if-name": "GigabitEthernet4.33",
      "/33/LAN_VPN_33_if_name/interface/ip/address": "172.50.233.2/24",
      "/33//router/bgp/as-num": "65222",
      "/33//router/bgp/neighbor/bgp_VPN33_neighbor_address/address": "172.50.233.1",
      "/33//router/bgp/neighbor/bgp_VPN33_neighbor_address/remote-as": "65222",
      "/11/LAN_VPN_11_if_name/interface/if-name": "GigabitEthernet4.11",
      "/11/LAN_VPN_11_if_name/interface/ip/address": "172.50.211.2/24",
      "/11//router/bgp/as-num": "65222",
      "/11//router/bgp/neighbor/bgp_VPN11_neighbor_address/address": "172.50.211.1",
      "/11//router/bgp/neighbor/bgp_VPN11_neighbor_address/remote-as": "65222",
      "/0/LAN_MAIN_for_SUB_INT/interface/if-name": "GigabitEthernet4"
    }
  ]
}