{
  "definitionId": "9c54d0cf-6ed0-49bc-b0b2-85f9457fe302",
  "name": "MSX-data-61c3ac",
  "type": "data",
  "description": "MSX-data-61c3ac",
  "sequences": [
    {
      "sequenceId": 10,
      "sequenceName": "QoS",
      "baseAction": "accept",
      "sequenceType": "qos",
      "match": {
        "entries": [
          {
            "ref": "70c755f0-52dd-4c97-893b-15517839ba89",
            "field": "appList"
          }
        ]
      },
      "actions": [
        {
          "type": "set",
          "parameter": [
            {
              "field": "forwardingClass",
              "value": "DEFAULT"
            },
            {
              "field": "dscp",
              "value": "0"
            }
          ]
        },
        {
          "type": "count",
          "parameter": "DEFAULT"
        }
      ]
    },
    {
      "sequenceId": 20,
      "sequenceName": "QoS",
      "baseAction": "accept",
      "sequenceType": "qos",
      "match": {
        "entries": [
          {
            "ref": "730d5d77-4f23-4b1f-9139-ef026f834381",
            "field": "appList"
          }
        ]
      },
      "actions": [
        {
          "type": "set",
          "parameter": [
            {
              "field": "forwardingClass",
              "value": "SCAVENGER"
            },
            {
              "field": "dscp",
              "value": "10"
            }
          ]
        },
        {
          "type": "count",
          "parameter": "SCAVENGER"
        }
      ]
    },
    {
      "sequenceId": 30,
      "sequenceName": "QoS",
      "baseAction": "accept",
      "sequenceType": "qos",
      "match": {
        "entries": [
          {
            "ref": "969edeed-6b17-43dc-9995-0825a2f06898",
            "field": "appList"
          }
        ]
      },
      "actions": [
        {
          "type": "set",
          "parameter": [
            {
              "field": "forwardingClass",
              "value": "STREAMING-VIDEO"
            },
            {
              "field": "dscp",
              "value": "26"
            }
          ]
        },
        {
          "type": "count",
          "parameter": "STREAMING-VIDEO"
        }
      ]
    },
    {
      "sequenceId": 40,
      "sequenceName": "QoS",
      "baseAction": "accept",
      "sequenceType": "qos",
      "match": {
        "entries": [
          {
            "ref": "1b586d92-be08-452c-97ff-cf78500817fc",
            "field": "appList"
          }
        ]
      },
      "actions": [
        {
          "type": "set",
          "parameter": [
            {
              "field": "forwardingClass",
              "value": "BULK-DATA"
            },
            {
              "field": "dscp",
              "value": "18"
            }
          ]
        },
        {
          "type": "count",
          "parameter": "BULK-DATA"
        }
      ]
    },
    {
      "sequenceId": 50,
      "sequenceName": "QoS",
      "baseAction": "accept",
      "sequenceType": "qos",
      "match": {
        "entries": [
          {
            "ref": "39229161-99ee-4c60-b9cc-03a1e63d7743",
            "field": "appList"
          }
        ]
      },
      "actions": [
        {
          "type": "set",
          "parameter": [
            {
              "field": "forwardingClass",
              "value": "INTERACTIVE-VIDEO"
            },
            {
              "field": "dscp",
              "value": "34"
            }
          ]
        },
        {
          "type": "count",
          "parameter": "INTERACTIVE-VIDEO"
        }
      ]
    },
    {
      "sequenceId": 60,
      "sequenceName": "QoS",
      "baseAction": "accept",
      "sequenceType": "qos",
      "match": {
        "entries": [
          {
            "ref": "050965ad-422b-4bdc-be1a-d5f869930309",
            "field": "appList"
          }
        ]
      },
      "actions": [
        {
          "type": "set",
          "parameter": [
            {
              "field": "forwardingClass",
              "value": "NET-CTRL-MGMT"
            },
            {
              "field": "dscp",
              "value": "48"
            }
          ]
        },
        {
          "type": "count",
          "parameter": "NET-CTRL-MGMT"
        }
      ]
    },
    {
      "sequenceId": 70,
      "sequenceName": "QoS",
      "baseAction": "accept",
      "sequenceType": "qos",
      "match": {
        "entries": [
          {
            "ref": "5889cc7c-a7a1-42d7-9f50-cfa53930fc64",
            "field": "appList"
          }
        ]
      },
      "actions": [
        {
          "type": "set",
          "parameter": [
            {
              "field": "forwardingClass",
              "value": "CALL-SIGNALING"
            },
            {
              "field": "dscp",
              "value": "26"
            }
          ]
        },
        {
          "type": "count",
          "parameter": "CALL-SIGNALING"
        }
      ]
    },
    {
      "sequenceId": 80,
      "sequenceName": "QoS",
      "baseAction": "accept",
      "sequenceType": "qos",
      "match": {
        "entries": [
          {
            "ref": "3a44a695-9119-4088-8b61-6b75bf50b212",
            "field": "appList"
          }
        ]
      },
      "actions": [
        {
          "type": "set",
          "parameter": [
            {
              "field": "forwardingClass",
              "value": "VOICE"
            },
            {
              "field": "dscp",
              "value": "46"
            }
          ]
        },
        {
          "type": "count",
          "parameter": "VOICE"
        }
      ]
    }
  ],
  "defaultAction": {
    "type": "accept"
  },
  "lastUpdated": 1654107668325,
  "owner": "admin",
  "infoTag": "",
  "mode": "",
  "referenceCount": 1,
  "references": [
    {
      "id": "18200495-5b79-4dbe-bf2c-f42736ff8229",
      "property": "policyId"
    }
  ],
  "activatedId": [
    "18200495-5b79-4dbe-bf2c-f42736ff8229"
  ],
  "isActivatedByVsmart": true
}