{
  "listId": "f59a8835-02e0-4215-9658-7d540d21b56f",
  "name": "amazon_aws_apps",
  "type": "app",
  "description": "SaaS App List for Amazon AWS",
  "entries": [
    {
      "app": "amazon"
    },
    {
      "app": "amazon-web-services"
    },
    {
      "app": "amazon-instant-video"
    },
    {
      "app": "amazon-cloudfront"
    },
    {
      "app": "amazon-ec2"
    },
    {
      "app": "amazon-s3"
    }
  ],
  "lastUpdated": 1652385130901,
  "owner": "system",
  "readOnly": true,
  "version": "3.0",
  "infoTag": "",
  "referenceCount": 0,
  "references": [],
  "isActivatedByVsmart": false
}