{
  "listId": "d91d0b3a-2f46-414f-94b7-4dd4d74c42e5",
  "name": "APP_Scavengers",
  "type": "app",
  "description": "Scavengers Applications List",
  "entries": [
    {
      "app": "apple-updates"
    },
    {
      "app": "apple-services"
    },
    {
      "app": "twitter"
    },
    {
      "app": "instagram"
    },
    {
      "app": "youtube"
    },
    {
      "app": "amazon-instant-video"
    }
  ],
  "lastUpdated": 1652445784695,
  "owner": "system",
  "readOnly": true,
  "version": "1.0",
  "infoTag": "",
  "referenceCount": 0,
  "references": [],
  "isActivatedByVsmart": false
}