{
  "listId": "3b09d0ec-4fe0-4524-a533-bd7c24fd5766",
  "name": "APP_BULK_DATA",
  "type": "app",
  "description": "Bulk Data Applications List",
  "entries": [
    {
      "app": "ftp"
    },
    {
      "app": "ftp-data"
    },
    {
      "app": "cisco-jabber-im"
    },
    {
      "app": "netblt"
    },
    {
      "app": "rsync"
    }
  ],
  "lastUpdated": 1652445784977,
  "owner": "system",
  "readOnly": true,
  "version": "1.0",
  "infoTag": "",
  "referenceCount": 0,
  "references": [],
  "isActivatedByVsmart": false
}