{
  "listId": "969edeed-6b17-43dc-9995-0825a2f06898",
  "name": "MSX-STREAMING-VIDEO-3920ee",
  "type": "app",
  "description": "",
  "entries": [
    {
      "app": "cisco-ip-camera"
    },
    {
      "app": "apple-remote-desktop"
    },
    {
      "app": "timbuktu"
    },
    {
      "app": "ms-wbt"
    },
    {
      "app": "vmware-view"
    },
    {
      "app": "vnc-http"
    },
    {
      "app": "vmware-vmotion"
    },
    {
      "app": "citrix-static"
    },
    {
      "app": "cisco-tv"
    },
    {
      "app": "mikogo"
    },
    {
      "app": "teamviewer"
    },
    {
      "app": "vmware-vsphere"
    },
    {
      "app": "xwindows"
    },
    {
      "app": "citrix"
    },
    {
      "app": "vnc"
    },
    {
      "app": "dameware-mrc"
    },
    {
      "app": "dmp"
    },
    {
      "app": "radmin-port"
    }
  ],
  "lastUpdated": 1654107667241,
  "owner": "admin",
  "readOnly": false,
  "version": "0",
  "infoTag": "",
  "referenceCount": 1,
  "references": [
    {
      "id": "9c54d0cf-6ed0-49bc-b0b2-85f9457fe302",
      "type": "data"
    }
  ],
  "activatedId": [
    "18200495-5b79-4dbe-bf2c-f42736ff8229"
  ],
  "isActivatedByVsmart": true
}