{
  "listId": "39229161-99ee-4c60-b9cc-03a1e63d7743",
  "name": "MSX-INTERACTIVE-VIDEO-3920ee",
  "type": "app",
  "description": "",
  "entries": [
    {
      "app": "conferencing"
    },
    {
      "app": "adobe-connect"
    },
    {
      "app": "ms-teams-media"
    },
    {
      "app": "circuit-audio"
    },
    {
      "app": "jive-software"
    },
    {
      "app": "pcoip"
    },
    {
      "app": "itunes-video"
    },
    {
      "app": "ringcentral"
    },
    {
      "app": "webex-video"
    },
    {
      "app": "circuit"
    },
    {
      "app": "cisco-jabber-video"
    },
    {
      "app": "gotomeeting"
    },
    {
      "app": "webex-audio"
    },
    {
      "app": "zoom-meetings"
    },
    {
      "app": "cisco-phone"
    },
    {
      "app": "ringcentral-video"
    },
    {
      "app": "webex-meeting"
    },
    {
      "app": "cisco-collab-video"
    },
    {
      "app": "circuit-media"
    },
    {
      "app": "circuit-video"
    },
    {
      "app": "cisco-phone-video"
    },
    {
      "app": "ringcentral-control"
    },
    {
      "app": "ms-teams"
    },
    {
      "app": "ms-teams-app-sharing"
    },
    {
      "app": "ms-lync-video"
    },
    {
      "app": "voov-meeting"
    },
    {
      "app": "webex-media"
    },
    {
      "app": "jabber-video"
    },
    {
      "app": "ms-teams-audio"
    },
    {
      "app": "ringcentral-media"
    },
    {
      "app": "rtp"
    },
    {
      "app": "ms-teams-video"
    },
    {
      "app": "dingtalk-media"
    },
    {
      "app": "cisco-phone-media"
    },
    {
      "app": "cisco-spark"
    },
    {
      "app": "cisco-spark-media"
    },
    {
      "app": "slack-media"
    },
    {
      "app": "ringcentral-audio"
    },
    {
      "app": "lifesize"
    },
    {
      "app": "rtp-video"
    },
    {
      "app": "ms-lync"
    },
    {
      "app": "webex-control"
    },
    {
      "app": "conference-server"
    },
    {
      "app": "cisco-spark-video"
    },
    {
      "app": "cisco-collaboration"
    }
  ],
  "lastUpdated": 1654107667371,
  "owner": "admin",
  "readOnly": false,
  "version": "0",
  "infoTag": "",
  "referenceCount": 1,
  "references": [
    {
      "id": "9c54d0cf-6ed0-49bc-b0b2-85f9457fe302",
      "type": "data"
    }
  ],
  "activatedId": [
    "18200495-5b79-4dbe-bf2c-f42736ff8229"
  ],
  "isActivatedByVsmart": true
}