{
  "listId": "3a44a695-9119-4088-8b61-6b75bf50b212",
  "name": "MSX-VOICE-3920ee",
  "type": "app",
  "description": "",
  "entries": [
    {
      "app": "cisco-media-video"
    },
    {
      "app": "cisco-smart-probe"
    },
    {
      "app": "citrix-audio"
    },
    {
      "app": "cisco-collab-audio"
    },
    {
      "app": "jabber-audio"
    },
    {
      "app": "cisco-media-audio"
    },
    {
      "app": "rtp-audio"
    },
    {
      "app": "cisco-jabber-audio"
    },
    {
      "app": "cisco-phone-audio"
    },
    {
      "app": "cisco-spark-audio"
    },
    {
      "app": "ms-lync-audio"
    }
  ],
  "lastUpdated": 1654107668037,
  "owner": "admin",
  "readOnly": false,
  "version": "0",
  "infoTag": "",
  "referenceCount": 1,
  "references": [
    {
      "id": "9c54d0cf-6ed0-49bc-b0b2-85f9457fe302",
      "type": "data"
    }
  ],
  "activatedId": [
    "18200495-5b79-4dbe-bf2c-f42736ff8229"
  ],
  "isActivatedByVsmart": true
}