{
  "listId": "5889cc7c-a7a1-42d7-9f50-cfa53930fc64",
  "name": "MSX-CALL-SIGNALING-3920ee",
  "type": "app",
  "description": "",
  "entries": [
    {
      "app": "rtsps"
    },
    {
      "app": "h323"
    },
    {
      "app": "snpp"
    },
    {
      "app": "ms-lync-control"
    },
    {
      "app": "rpc2portmap"
    },
    {
      "app": "cisco-collab-control"
    },
    {
      "app": "ups"
    },
    {
      "app": "cisco-jabber-control"
    },
    {
      "app": "datex-asn"
    },
    {
      "app": "cisco-phone-control"
    },
    {
      "app": "prm-sm"
    },
    {
      "app": "skinny"
    },
    {
      "app": "sip-tls"
    },
    {
      "app": "rsvp_tunnel"
    },
    {
      "app": "h245"
    },
    {
      "app": "tpip"
    },
    {
      "app": "rtcp"
    },
    {
      "app": "prm-nm"
    },
    {
      "app": "sflow"
    },
    {
      "app": "sgcp"
    },
    {
      "app": "spsc"
    },
    {
      "app": "dnp"
    },
    {
      "app": "sip"
    },
    {
      "app": "mgcp"
    },
    {
      "app": "rtsp"
    },
    {
      "app": "svrloc"
    },
    {
      "app": "netvmg-traceroute"
    },
    {
      "app": "ss7ns"
    },
    {
      "app": "h225"
    }
  ],
  "lastUpdated": 1654107667981,
  "owner": "admin",
  "readOnly": false,
  "version": "0",
  "infoTag": "",
  "referenceCount": 1,
  "references": [
    {
      "id": "9c54d0cf-6ed0-49bc-b0b2-85f9457fe302",
      "type": "data"
    }
  ],
  "activatedId": [
    "18200495-5b79-4dbe-bf2c-f42736ff8229"
  ],
  "isActivatedByVsmart": true
}