{
  "listId": "70c755f0-52dd-4c97-893b-15517839ba89",
  "name": "MSX-DEFAULT-3920ee",
  "type": "app",
  "description": "",
  "entries": [
    {
      "app": "3com-amp3"
    },
    {
      "app": "schedule-transfer"
    },
    {
      "app": "joomla"
    },
    {
      "app": "infoseek"
    },
    {
      "app": "set"
    },
    {
      "app": "lwapp"
    },
    {
      "app": "datasurfsrv"
    },
    {
      "app": "texar"
    },
    {
      "app": "at-7"
    },
    {
      "app": "acr-nema"
    },
    {
      "app": "crudp"
    },
    {
      "app": "wap-wsp-wtp-s"
    },
    {
      "app": "gtp-user"
    },
    {
      "app": "gridftp"
    },
    {
      "app": "openport"
    },
    {
      "app": "scx-proxy"
    },
    {
      "app": "contentserver"
    },
    {
      "app": "trunk-1"
    },
    {
      "app": "softpc"
    },
    {
      "app": "fc"
    },
    {
      "app": "ibm-app"
    },
    {
      "app": "ptp-general"
    },
    {
      "app": "pov-ray"
    },
    {
      "app": "CAIlic"
    },
    {
      "app": "tradestation"
    },
    {
      "app": "dcn-meas"
    },
    {
      "app": "qotd"
    },
    {
      "app": "worldfusion"
    },
    {
      "app": "sybase"
    },
    {
      "app": "ariel3"
    },
    {
      "app": "avast-antivirus"
    },
    {
      "app": "wccp"
    },
    {
      "app": "uuidgen"
    },
    {
      "app": "amazon-s3"
    },
    {
      "app": "creativeserver"
    },
    {
      "app": "xyplex-mux"
    },
    {
      "app": "rlzdbase"
    },
    {
      "app": "borland-dsj"
    },
    {
      "app": "dangdang"
    },
    {
      "app": "pdap"
    },
    {
      "app": "saft"
    },
    {
      "app": "mcns-sec"
    },
    {
      "app": "cnbc"
    },
    {
      "app": "blackboard-com"
    },
    {
      "app": "statistical-conf-audio"
    },
    {
      "app": "nate-com"
    },
    {
      "app": "apple-location-services"
    },
    {
      "app": "windows-azure"
    },
    {
      "app": "dei-icda"
    },
    {
      "app": "secure-ftp"
    },
    {
      "app": "msg-auth"
    },
    {
      "app": "http-alt"
    },
    {
      "app": "matip-type-b"
    },
    {
      "app": "st"
    },
    {
      "app": "isatap-ipv6-tunneled"
    },
    {
      "app": "itunes-media"
    },
    {
      "app": "http"
    },
    {
      "app": "ipv6inip"
    },
    {
      "app": "mobilip-mn"
    },
    {
      "app": "pvp"
    },
    {
      "app": "sun-nd"
    },
    {
      "app": "ipcomp"
    },
    {
      "app": "clickbank"
    },
    {
      "app": "ms-sms"
    },
    {
      "app": "uaac"
    },
    {
      "app": "zserv"
    },
    {
      "app": "asus"
    },
    {
      "app": "rushd"
    },
    {
      "app": "sonar"
    },
    {
      "app": "t-mobile-web-services"
    },
    {
      "app": "bdp"
    },
    {
      "app": "mcafee-update"
    },
    {
      "app": "dclink"
    },
    {
      "app": "usbank"
    },
    {
      "app": "merit-inp"
    },
    {
      "app": "mailchimp"
    },
    {
      "app": "connected-backup"
    },
    {
      "app": "binary-over-http"
    },
    {
      "app": "emfis-data"
    },
    {
      "app": "xfer"
    },
    {
      "app": "flash-video"
    },
    {
      "app": "sprite-rpc"
    },
    {
      "app": "device"
    },
    {
      "app": "emfis-cntl"
    },
    {
      "app": "sccp-user-adaptation"
    },
    {
      "app": "citi-bank"
    },
    {
      "app": "apple-push-notification"
    },
    {
      "app": "smux"
    },
    {
      "app": "wap-vcard"
    },
    {
      "app": "utmpsd"
    },
    {
      "app": "rmiregistry"
    },
    {
      "app": "tesla-sys-msg"
    },
    {
      "app": "crashplan"
    },
    {
      "app": "ohimsrv"
    },
    {
      "app": "sm"
    },
    {
      "app": "tftp"
    },
    {
      "app": "ieee-mms"
    },
    {
      "app": "fedex"
    },
    {
      "app": "send"
    },
    {
      "app": "ncld"
    },
    {
      "app": "drudge-report-com"
    },
    {
      "app": "decap"
    },
    {
      "app": "phonebook"
    },
    {
      "app": "il"
    },
    {
      "app": "sitaraserver"
    },
    {
      "app": "ticf-2"
    },
    {
      "app": "apertus-ldp"
    },
    {
      "app": "iso-ill"
    },
    {
      "app": "netsc-dev"
    },
    {
      "app": "dctp"
    },
    {
      "app": "ieee-mms-ssl"
    },
    {
      "app": "tinyurl"
    },
    {
      "app": "digital-vrc"
    },
    {
      "app": "ariel1"
    },
    {
      "app": "vxlan"
    },
    {
      "app": "livestrong-com"
    },
    {
      "app": "an"
    },
    {
      "app": "gre"
    },
    {
      "app": "amanda"
    },
    {
      "app": "vpp"
    },
    {
      "app": "gopher"
    },
    {
      "app": "pcmail-srv"
    },
    {
      "app": "irtp"
    },
    {
      "app": "dls-mon"
    },
    {
      "app": "ippc"
    },
    {
      "app": "maxdb"
    },
    {
      "app": "stmf"
    },
    {
      "app": "meter"
    },
    {
      "app": "con"
    },
    {
      "app": "apc-powerchute"
    },
    {
      "app": "matip-type-a"
    },
    {
      "app": "mcidas"
    },
    {
      "app": "tenfold"
    },
    {
      "app": "pipe"
    },
    {
      "app": "uis"
    },
    {
      "app": "scps"
    },
    {
      "app": "indiegogo"
    },
    {
      "app": "vmnet"
    },
    {
      "app": "teedtap"
    },
    {
      "app": "tn-tl-fd1"
    },
    {
      "app": "vacdsm-sws"
    },
    {
      "app": "bl-idm"
    },
    {
      "app": "surf"
    },
    {
      "app": "ssl"
    },
    {
      "app": "legent-2"
    },
    {
      "app": "cimplex"
    },
    {
      "app": "sift-uft"
    },
    {
      "app": "ocs_amu"
    },
    {
      "app": "iatp"
    },
    {
      "app": "graphics"
    },
    {
      "app": "udplite"
    },
    {
      "app": "decladebug"
    },
    {
      "app": "mfe-nsp"
    },
    {
      "app": "amazon-web-services"
    },
    {
      "app": "skronk"
    },
    {
      "app": "iclcnet_svinfo"
    },
    {
      "app": "multiplex"
    },
    {
      "app": "ginad"
    },
    {
      "app": "inbusiness"
    },
    {
      "app": "maitrd"
    },
    {
      "app": "wap-pushsecure"
    },
    {
      "app": "visa"
    },
    {
      "app": "rtip"
    },
    {
      "app": "mdc-portmapper"
    },
    {
      "app": "ms-ocs-file-transfer"
    },
    {
      "app": "cvspserver"
    },
    {
      "app": "hp-pdl-datastr"
    },
    {
      "app": "rmc"
    },
    {
      "app": "hmp"
    },
    {
      "app": "wb-mon"
    },
    {
      "app": "rvd"
    },
    {
      "app": "subntbcst_tftp"
    },
    {
      "app": "windows-update"
    },
    {
      "app": "as-servermap"
    },
    {
      "app": "sscopmce"
    },
    {
      "app": "prm"
    },
    {
      "app": "bftp"
    },
    {
      "app": "utmpcd"
    },
    {
      "app": "xns-idp"
    },
    {
      "app": "ticf-1"
    },
    {
      "app": "npp"
    },
    {
      "app": "fujitsu-dev"
    },
    {
      "app": "teredo-ipv6-tunneled"
    },
    {
      "app": "apple-ios-updates"
    },
    {
      "app": "su-mit-tg"
    },
    {
      "app": "covia"
    },
    {
      "app": "ptcnameservice"
    },
    {
      "app": "vacdsm-app"
    },
    {
      "app": "k-block"
    },
    {
      "app": "rdp"
    },
    {
      "app": "swipe"
    },
    {
      "app": "ddx"
    },
    {
      "app": "PUP"
    },
    {
      "app": "micromuse-lm"
    },
    {
      "app": "psrserver"
    },
    {
      "app": "mylex-mapd"
    },
    {
      "app": "mpm"
    },
    {
      "app": "connendp"
    },
    {
      "app": "vmtp"
    },
    {
      "app": "mailbox-lm"
    },
    {
      "app": "repscmd"
    },
    {
      "app": "tns-cml"
    },
    {
      "app": "discover-com"
    },
    {
      "app": "oracle"
    },
    {
      "app": "noaa"
    },
    {
      "app": "tserver"
    },
    {
      "app": "smpnameres"
    },
    {
      "app": "cddbp-alt"
    },
    {
      "app": "ifmp"
    },
    {
      "app": "mtp"
    },
    {
      "app": "opc-job-track"
    },
    {
      "app": "sitaradir"
    },
    {
      "app": "at-8"
    },
    {
      "app": "sat-expak"
    },
    {
      "app": "at-3"
    },
    {
      "app": "godaddy"
    },
    {
      "app": "hems"
    },
    {
      "app": "smartsdp"
    },
    {
      "app": "quic"
    },
    {
      "app": "wap-vcal"
    },
    {
      "app": "cableport-ax"
    },
    {
      "app": "multiling-http"
    },
    {
      "app": "nsfnet-igp"
    },
    {
      "app": "android-updates"
    },
    {
      "app": "crtp"
    },
    {
      "app": "collaborator"
    },
    {
      "app": "ftp-data"
    },
    {
      "app": "metagram"
    },
    {
      "app": "mpm-snd"
    },
    {
      "app": "kickstarter"
    },
    {
      "app": "dsp3270"
    },
    {
      "app": "sftp"
    },
    {
      "app": "tcf"
    },
    {
      "app": "amazon-ec2"
    },
    {
      "app": "video-over-http"
    },
    {
      "app": "isi-gl"
    },
    {
      "app": "larp"
    },
    {
      "app": "microsoftds"
    },
    {
      "app": "bhfhs"
    },
    {
      "app": "openvms-sysipc"
    },
    {
      "app": "indeed-com"
    },
    {
      "app": "bhmds"
    },
    {
      "app": "3com-tsmux"
    },
    {
      "app": "sst"
    },
    {
      "app": "hotels-com"
    },
    {
      "app": "dgp"
    },
    {
      "app": "printer"
    },
    {
      "app": "etherip"
    },
    {
      "app": "activesync"
    },
    {
      "app": "vid"
    },
    {
      "app": "tlsp"
    },
    {
      "app": "pawserv"
    },
    {
      "app": "p10"
    },
    {
      "app": "qrh"
    },
    {
      "app": "ddp"
    },
    {
      "app": "audio-over-http"
    },
    {
      "app": "br-sat-mon"
    },
    {
      "app": "aris"
    },
    {
      "app": "coursera"
    },
    {
      "app": "asa"
    },
    {
      "app": "netrjs-4"
    },
    {
      "app": "rap"
    },
    {
      "app": "unknown"
    },
    {
      "app": "onmux"
    },
    {
      "app": "usps"
    },
    {
      "app": "trunk-2"
    },
    {
      "app": "integra-sme"
    },
    {
      "app": "apple-app-store"
    },
    {
      "app": "apple-updates"
    },
    {
      "app": "cphb"
    },
    {
      "app": "https"
    },
    {
      "app": "ipcv"
    },
    {
      "app": "compaq-peer"
    },
    {
      "app": "virtual-places"
    },
    {
      "app": "wap-wsp-s"
    },
    {
      "app": "applejuice"
    },
    {
      "app": "cisco-sdwan-ipsec"
    },
    {
      "app": "unify"
    },
    {
      "app": "loglogic"
    },
    {
      "app": "iscsi-target"
    },
    {
      "app": "webster"
    },
    {
      "app": "hamachi"
    },
    {
      "app": "esignal"
    },
    {
      "app": "jimdo"
    },
    {
      "app": "entomb"
    },
    {
      "app": "ftp"
    },
    {
      "app": "vnas"
    },
    {
      "app": "swift-rvf"
    },
    {
      "app": "encap"
    },
    {
      "app": "spdy"
    },
    {
      "app": "iso-tp0"
    },
    {
      "app": "web-rtc-audio"
    },
    {
      "app": "dantz"
    },
    {
      "app": "narp"
    },
    {
      "app": "acas"
    },
    {
      "app": "pbs-web-portal"
    },
    {
      "app": "omhs"
    },
    {
      "app": "ipp"
    },
    {
      "app": "objcall"
    },
    {
      "app": "siam"
    },
    {
      "app": "mondex"
    },
    {
      "app": "ggp"
    },
    {
      "app": "banyan-vip"
    },
    {
      "app": "bitly"
    },
    {
      "app": "meregister"
    },
    {
      "app": "csi-sgwp"
    },
    {
      "app": "conduit-com"
    },
    {
      "app": "ljk-login"
    },
    {
      "app": "eventbrite"
    },
    {
      "app": "mit-dov"
    },
    {
      "app": "dls"
    },
    {
      "app": "socks"
    },
    {
      "app": "secure-vmtp"
    },
    {
      "app": "mftp"
    },
    {
      "app": "iax"
    },
    {
      "app": "smakynet"
    },
    {
      "app": "ms-rome"
    },
    {
      "app": "statistical-download"
    },
    {
      "app": "disclose"
    },
    {
      "app": "california-gov"
    },
    {
      "app": "iso-tsap-c2"
    },
    {
      "app": "bhevent"
    },
    {
      "app": "bbnrccmon"
    },
    {
      "app": "datasurfsrvsec"
    },
    {
      "app": "dasp"
    },
    {
      "app": "rsvp-e2e-ignore"
    },
    {
      "app": "ipinip"
    },
    {
      "app": "realm-rusd"
    },
    {
      "app": "cifs"
    },
    {
      "app": "xvttp"
    },
    {
      "app": "print-srv"
    },
    {
      "app": "netsc-prod"
    },
    {
      "app": "at-5"
    },
    {
      "app": "meta5"
    },
    {
      "app": "is99c"
    },
    {
      "app": "shockwave"
    },
    {
      "app": "tell"
    },
    {
      "app": "genrad-mux"
    },
    {
      "app": "emcon"
    },
    {
      "app": "google-services-audio"
    },
    {
      "app": "snp"
    },
    {
      "app": "mpls-in-ip"
    },
    {
      "app": "accessnetwork"
    },
    {
      "app": "ibprotocol"
    },
    {
      "app": "capwap-data"
    },
    {
      "app": "mac-os-x-updates"
    },
    {
      "app": "uti"
    },
    {
      "app": "opalis-rdv"
    },
    {
      "app": "uarps"
    },
    {
      "app": "ttp"
    },
    {
      "app": "ms-stream"
    },
    {
      "app": "iso-tp4"
    },
    {
      "app": "netnews"
    },
    {
      "app": "statistical-p2p"
    },
    {
      "app": "pgm"
    },
    {
      "app": "cfdptkt"
    },
    {
      "app": "wap-wsp-wtp"
    },
    {
      "app": "cadlock"
    },
    {
      "app": "gmtp"
    },
    {
      "app": "mobile"
    },
    {
      "app": "vatp"
    },
    {
      "app": "magenta-logic"
    },
    {
      "app": "institut-sf"
    },
    {
      "app": "amazon-cloudfront"
    },
    {
      "app": "hyperwave-isp"
    },
    {
      "app": "statistical-conf-video"
    },
    {
      "app": "csdn"
    },
    {
      "app": "dsr"
    },
    {
      "app": "iplt"
    },
    {
      "app": "fiver"
    },
    {
      "app": "dtag-ste-sb"
    },
    {
      "app": "nsw-fe"
    },
    {
      "app": "ns"
    },
    {
      "app": "cpnx"
    },
    {
      "app": "obex"
    },
    {
      "app": "td-service"
    },
    {
      "app": "MobilitySrv"
    },
    {
      "app": "omserv"
    },
    {
      "app": "gss-xlicen"
    },
    {
      "app": "ibm-director"
    },
    {
      "app": "remote-kis"
    },
    {
      "app": "rsvd"
    },
    {
      "app": "intrinsa"
    },
    {
      "app": "l2tp"
    },
    {
      "app": "hitachi-spc"
    },
    {
      "app": "netop-remote-control"
    },
    {
      "app": "srssend"
    },
    {
      "app": "skip"
    },
    {
      "app": "smsd"
    },
    {
      "app": "submit"
    },
    {
      "app": "servicenow"
    },
    {
      "app": "ftp-agent"
    },
    {
      "app": "ftps-data"
    },
    {
      "app": "scoi2odialog"
    },
    {
      "app": "spmp"
    },
    {
      "app": "stx"
    },
    {
      "app": "decbsrv"
    },
    {
      "app": "dsfgw"
    },
    {
      "app": "cybercash"
    },
    {
      "app": "ipip"
    },
    {
      "app": "priceline-com"
    },
    {
      "app": "hcp-wismar"
    },
    {
      "app": "intecourier"
    },
    {
      "app": "avocent"
    },
    {
      "app": "gsiftp"
    },
    {
      "app": "rcp"
    },
    {
      "app": "coap"
    },
    {
      "app": "avian"
    },
    {
      "app": "leaf-1"
    },
    {
      "app": "tnETOS"
    },
    {
      "app": "vmware-fdm"
    },
    {
      "app": "iasd"
    },
    {
      "app": "hip"
    },
    {
      "app": "audit"
    },
    {
      "app": "southwest-airlines"
    },
    {
      "app": "ocbinder"
    },
    {
      "app": "ulpnet"
    },
    {
      "app": "american-express"
    },
    {
      "app": "ris-cm"
    },
    {
      "app": "deos"
    },
    {
      "app": "wb-expak"
    },
    {
      "app": "bna"
    },
    {
      "app": "s-net"
    },
    {
      "app": "streettalk"
    },
    {
      "app": "fire"
    },
    {
      "app": "mit-ml-dev"
    },
    {
      "app": "msg-icp"
    },
    {
      "app": "vemmi"
    },
    {
      "app": "commerce"
    },
    {
      "app": "cftp"
    },
    {
      "app": "xdtp"
    },
    {
      "app": "9pfs"
    },
    {
      "app": "snagas"
    },
    {
      "app": "applix"
    },
    {
      "app": "war-rock"
    },
    {
      "app": "google-services-media"
    },
    {
      "app": "heroix-longitude"
    },
    {
      "app": "daum"
    },
    {
      "app": "web-rtc-video"
    },
    {
      "app": "mpm-flags"
    },
    {
      "app": "vslmp"
    },
    {
      "app": "windows-store"
    },
    {
      "app": "cloanto-net-1"
    },
    {
      "app": "pptp"
    },
    {
      "app": "statistical-*"
    },
    {
      "app": "dpsi"
    },
    {
      "app": "vmpwscs"
    },
    {
      "app": "wap-push"
    },
    {
      "app": "iafserver"
    },
    {
      "app": "wap-push-https"
    },
    {
      "app": "vpps-via"
    },
    {
      "app": "discard"
    },
    {
      "app": "rmiactivation"
    },
    {
      "app": "manet"
    },
    {
      "app": "opc-job-start"
    },
    {
      "app": "nvp-ii"
    },
    {
      "app": "wifi-calling"
    },
    {
      "app": "la-maint"
    },
    {
      "app": "sat-mon"
    },
    {
      "app": "escp-ip"
    },
    {
      "app": "netwall"
    },
    {
      "app": "courier"
    },
    {
      "app": "usaa"
    },
    {
      "app": "i-nlsp"
    },
    {
      "app": "mcafee-antivirus"
    },
    {
      "app": "dccp"
    },
    {
      "app": "svn"
    },
    {
      "app": "ocs_cmu"
    },
    {
      "app": "smp"
    },
    {
      "app": "scribd"
    },
    {
      "app": "sctp"
    },
    {
      "app": "ayiya-ipv6-tunneled"
    },
    {
      "app": "teamsound"
    },
    {
      "app": "uucp-path"
    },
    {
      "app": "kis"
    },
    {
      "app": "sur-meas"
    },
    {
      "app": "cab-protocol"
    },
    {
      "app": "mortgageware"
    },
    {
      "app": "ipsec"
    },
    {
      "app": "secure-http"
    },
    {
      "app": "ni-ftp"
    },
    {
      "app": "qft"
    },
    {
      "app": "embl-ndt"
    },
    {
      "app": "mqtt"
    },
    {
      "app": "ms-update"
    },
    {
      "app": "bgs-nsi"
    },
    {
      "app": "scc-sp"
    },
    {
      "app": "powerburst"
    },
    {
      "app": "qnx"
    },
    {
      "app": "google-services"
    },
    {
      "app": "mint-com"
    },
    {
      "app": "arcisdms"
    },
    {
      "app": "modbus"
    },
    {
      "app": "mpp"
    },
    {
      "app": "wap-vcal-s"
    },
    {
      "app": "banyan-rpc"
    },
    {
      "app": "dtls"
    },
    {
      "app": "investopedia"
    },
    {
      "app": "wlccp"
    },
    {
      "app": "chase-bank"
    },
    {
      "app": "arns"
    },
    {
      "app": "intuit"
    },
    {
      "app": "softros-messenger-ft"
    },
    {
      "app": "ms-shuttle"
    },
    {
      "app": "3pc"
    },
    {
      "app": "ariel2"
    },
    {
      "app": "repcmd"
    },
    {
      "app": "corerjd"
    },
    {
      "app": "kayak-com"
    },
    {
      "app": "xnet"
    },
    {
      "app": "scohelp"
    },
    {
      "app": "pump"
    },
    {
      "app": "wsn"
    },
    {
      "app": "ipx-in-ip"
    },
    {
      "app": "business-insider"
    },
    {
      "app": "any-host-internal"
    },
    {
      "app": "leaf-2"
    },
    {
      "app": "fix"
    },
    {
      "app": "jargon"
    },
    {
      "app": "wpgs"
    },
    {
      "app": "sfs-config"
    },
    {
      "app": "sanity"
    },
    {
      "app": "tacnews"
    },
    {
      "app": "personal-link"
    },
    {
      "app": "ocserver"
    },
    {
      "app": "google-services-video"
    },
    {
      "app": "opsmgr"
    },
    {
      "app": "knet-cmp"
    },
    {
      "app": "flexlm"
    },
    {
      "app": "iso-ip"
    },
    {
      "app": "tp++"
    },
    {
      "app": "kryptolan"
    },
    {
      "app": "cbt"
    },
    {
      "app": "nnsp"
    },
    {
      "app": "infusionsoft"
    },
    {
      "app": "pirp"
    },
    {
      "app": "genie"
    },
    {
      "app": "iafdbase"
    },
    {
      "app": "micom-pfs"
    },
    {
      "app": "cvsup"
    },
    {
      "app": "ggf-ncp"
    },
    {
      "app": "videotex"
    },
    {
      "app": "srp"
    },
    {
      "app": "hostgator"
    },
    {
      "app": "fatserv"
    },
    {
      "app": "desknets"
    },
    {
      "app": "aurora-cmgr"
    },
    {
      "app": "dec_dlm"
    },
    {
      "app": "gdomap"
    },
    {
      "app": "ipfix"
    },
    {
      "app": "argus"
    },
    {
      "app": "netgw"
    },
    {
      "app": "google-downloads"
    },
    {
      "app": "ax25"
    },
    {
      "app": "xtp"
    },
    {
      "app": "ansanotify"
    },
    {
      "app": "wap-wsp"
    },
    {
      "app": "unidata-ldm"
    },
    {
      "app": "hyper-g"
    },
    {
      "app": "wikipedia"
    },
    {
      "app": "chaos"
    },
    {
      "app": "servstat"
    },
    {
      "app": "aed-512"
    },
    {
      "app": "dixie"
    },
    {
      "app": "creativepartnr"
    },
    {
      "app": "vsinet"
    },
    {
      "app": "wap-push-http"
    },
    {
      "app": "prezi"
    },
    {
      "app": "stun-nat"
    },
    {
      "app": "anet"
    },
    {
      "app": "wap-vcard-s"
    },
    {
      "app": "mptn"
    },
    {
      "app": "custix"
    },
    {
      "app": "omginitialrefs"
    },
    {
      "app": "asa-appl-proto"
    },
    {
      "app": "prospero"
    },
    {
      "app": "hybrid-pop"
    },
    {
      "app": "checkpoint-cpmi"
    },
    {
      "app": "itm-mcell-s"
    },
    {
      "app": "sps"
    },
    {
      "app": "idfp"
    },
    {
      "app": "netrcs"
    },
    {
      "app": "sixtofour-ipv6-tunneled"
    },
    {
      "app": "font-service"
    },
    {
      "app": "nfs"
    },
    {
      "app": "is99s"
    },
    {
      "app": "zannet"
    },
    {
      "app": "ms-services"
    },
    {
      "app": "filemaker-announcement"
    },
    {
      "app": "dsp"
    },
    {
      "app": "scc-security"
    },
    {
      "app": "iclcnet-locate"
    },
    {
      "app": "comscm"
    },
    {
      "app": "dtk"
    },
    {
      "app": "ipcd"
    },
    {
      "app": "ip-in-ip-tunneled"
    },
    {
      "app": "micp"
    },
    {
      "app": "accessbuilder"
    },
    {
      "app": "mux"
    },
    {
      "app": "groove"
    },
    {
      "app": "profile"
    },
    {
      "app": "adobe-services"
    },
    {
      "app": "ris"
    },
    {
      "app": "tunnel-http"
    },
    {
      "app": "dna-cml"
    },
    {
      "app": "openvpn"
    },
    {
      "app": "ipdd"
    },
    {
      "app": "sfs-smp-net"
    },
    {
      "app": "esro-emsdp"
    },
    {
      "app": "netblt"
    },
    {
      "app": "brighttalk"
    },
    {
      "app": "statcounter"
    },
    {
      "app": "splunk"
    },
    {
      "app": "pftp"
    },
    {
      "app": "ncube-lm"
    },
    {
      "app": "pip"
    },
    {
      "app": "nced"
    },
    {
      "app": "remotefs"
    },
    {
      "app": "rxe"
    },
    {
      "app": "sitaramgmt"
    },
    {
      "app": "tinc"
    }
  ],
  "lastUpdated": 1654107667091,
  "owner": "admin",
  "readOnly": false,
  "version": "0",
  "infoTag": "",
  "referenceCount": 1,
  "references": [
    {
      "id": "9c54d0cf-6ed0-49bc-b0b2-85f9457fe302",
      "type": "data"
    }
  ],
  "activatedId": [
    "18200495-5b79-4dbe-bf2c-f42736ff8229"
  ],
  "isActivatedByVsmart": true
}