{
  "listId": "1b586d92-be08-452c-97ff-cf78500817fc",
  "name": "MSX-BULK-DATA-3920ee",
  "type": "app",
  "description": "",
  "entries": [
    {
      "app": "qbikgdp"
    },
    {
      "app": "urm"
    },
    {
      "app": "mapi"
    },
    {
      "app": "time"
    },
    {
      "app": "mumps"
    },
    {
      "app": "rsvp-encap-2"
    },
    {
      "app": "bmpp"
    },
    {
      "app": "bacnet"
    },
    {
      "app": "synoptics-trap"
    },
    {
      "app": "secure-ldap"
    },
    {
      "app": "demandware"
    },
    {
      "app": "uucp-rlogin"
    },
    {
      "app": "shrinkwrap"
    },
    {
      "app": "epmap"
    },
    {
      "app": "ping"
    },
    {
      "app": "http-local-net"
    },
    {
      "app": "novastorbakcup"
    },
    {
      "app": "gss-http"
    },
    {
      "app": "at-nbp"
    },
    {
      "app": "echo"
    },
    {
      "app": "sgmp"
    },
    {
      "app": "sqlexec"
    },
    {
      "app": "re-mail-ck"
    },
    {
      "app": "server-ipx"
    },
    {
      "app": "entrust-kmsh"
    },
    {
      "app": "sntp-heartbeat"
    },
    {
      "app": "erpc"
    },
    {
      "app": "ddm-ssl"
    },
    {
      "app": "mdns"
    },
    {
      "app": "db-service"
    },
    {
      "app": "afpovertcp"
    },
    {
      "app": "netapp-snapmirror"
    },
    {
      "app": "hmmp-ind"
    },
    {
      "app": "sqlserv"
    },
    {
      "app": "cisco-jabber-im"
    },
    {
      "app": "dicom"
    },
    {
      "app": "daytime"
    },
    {
      "app": "purenoise"
    },
    {
      "app": "netflow"
    },
    {
      "app": "asip-webadmin"
    },
    {
      "app": "xns-auth"
    },
    {
      "app": "cycleserv2"
    },
    {
      "app": "xact-backup"
    },
    {
      "app": "timed"
    },
    {
      "app": "ms-sql-m"
    },
    {
      "app": "dhcpv6"
    },
    {
      "app": "cisco-tna"
    },
    {
      "app": "secure-imap"
    },
    {
      "app": "dns"
    },
    {
      "app": "aminet"
    },
    {
      "app": "sco-inetmgr"
    },
    {
      "app": "nicname"
    },
    {
      "app": "gds_db"
    },
    {
      "app": "sqlserver"
    },
    {
      "app": "cdc"
    },
    {
      "app": "ptp-event"
    },
    {
      "app": "ingres-net"
    },
    {
      "app": "dingtalk"
    },
    {
      "app": "ms-office-365"
    },
    {
      "app": "zoho-services"
    },
    {
      "app": "netrjs-1"
    },
    {
      "app": "at-echo"
    },
    {
      "app": "auth-service"
    },
    {
      "app": "dhcpv6-server"
    },
    {
      "app": "cisco-umbrella"
    },
    {
      "app": "nest-protocol"
    },
    {
      "app": "radius"
    },
    {
      "app": "hmmp-op"
    },
    {
      "app": "pop2"
    },
    {
      "app": "statsrv"
    },
    {
      "app": "secure-telnet"
    },
    {
      "app": "ms-win-dns"
    },
    {
      "app": "rsh-spx"
    },
    {
      "app": "pop3"
    },
    {
      "app": "fln-spx"
    },
    {
      "app": "cisco-ip-sla"
    },
    {
      "app": "srmp"
    },
    {
      "app": "mailq"
    },
    {
      "app": "aruba-papi"
    },
    {
      "app": "oraclenames"
    },
    {
      "app": "tapeware"
    },
    {
      "app": "nsiiops"
    },
    {
      "app": "corba-iiop"
    },
    {
      "app": "at-zis"
    },
    {
      "app": "llmnr"
    },
    {
      "app": "compressnet"
    },
    {
      "app": "xmpp-client"
    },
    {
      "app": "whoami"
    },
    {
      "app": "src"
    },
    {
      "app": "active-directory"
    },
    {
      "app": "cisco-sd-avc"
    },
    {
      "app": "ctf"
    },
    {
      "app": "dhcpv6-client"
    },
    {
      "app": "gkrellm"
    },
    {
      "app": "submission"
    },
    {
      "app": "sql-net"
    },
    {
      "app": "hp-managed-node"
    },
    {
      "app": "mysql"
    },
    {
      "app": "tempo"
    },
    {
      "app": "groupwise"
    },
    {
      "app": "telnet"
    },
    {
      "app": "mfcobol"
    },
    {
      "app": "imap"
    },
    {
      "app": "tacacs"
    },
    {
      "app": "ipass"
    },
    {
      "app": "smtp"
    },
    {
      "app": "new-rwho"
    },
    {
      "app": "locus-map"
    },
    {
      "app": "sco-sysmgr"
    },
    {
      "app": "nlogin"
    },
    {
      "app": "opalis-robot"
    },
    {
      "app": "qq-accounts"
    },
    {
      "app": "dbase"
    },
    {
      "app": "osu-nms"
    },
    {
      "app": "cisco-cta"
    },
    {
      "app": "914c/g"
    },
    {
      "app": "crs"
    },
    {
      "app": "hostname"
    },
    {
      "app": "entrust-sps"
    },
    {
      "app": "npmp-gui"
    },
    {
      "app": "net8-cman"
    },
    {
      "app": "ocsp"
    },
    {
      "app": "odmr"
    },
    {
      "app": "picasa"
    },
    {
      "app": "kerberos-adm"
    },
    {
      "app": "mac-srvr-admin"
    },
    {
      "app": "dhcp-failover2"
    },
    {
      "app": "sco-dtmgr"
    },
    {
      "app": "ms-office-web-apps"
    },
    {
      "app": "ora-srv"
    },
    {
      "app": "masqdialer"
    },
    {
      "app": "rda"
    },
    {
      "app": "kshell"
    },
    {
      "app": "jabber"
    },
    {
      "app": "mrm"
    },
    {
      "app": "mail-service"
    },
    {
      "app": "auditd"
    },
    {
      "app": "xns-courier"
    },
    {
      "app": "ddm-dfm"
    },
    {
      "app": "rescap"
    },
    {
      "app": "sqli"
    },
    {
      "app": "oracle-sqlnet"
    },
    {
      "app": "supdup"
    },
    {
      "app": "ncp"
    },
    {
      "app": "shell"
    },
    {
      "app": "decvms-sysmgt"
    },
    {
      "app": "msft-gc"
    },
    {
      "app": "apple-tv-updates"
    },
    {
      "app": "bb"
    },
    {
      "app": "ha-cluster"
    },
    {
      "app": "sunrpc"
    },
    {
      "app": "box"
    },
    {
      "app": "hl7"
    },
    {
      "app": "cmip-agent"
    },
    {
      "app": "passgo-tivoli"
    },
    {
      "app": "go-login"
    },
    {
      "app": "sqlnet"
    },
    {
      "app": "ldap"
    },
    {
      "app": "entrust-aams"
    },
    {
      "app": "netbios-ns"
    },
    {
      "app": "ms-live-accounts"
    },
    {
      "app": "cassandra"
    },
    {
      "app": "qmtp"
    },
    {
      "app": "entrust-ash"
    },
    {
      "app": "netviewdm1"
    },
    {
      "app": "hassle"
    },
    {
      "app": "iiop"
    },
    {
      "app": "oracle-bi"
    },
    {
      "app": "legent-1"
    },
    {
      "app": "nas"
    },
    {
      "app": "pwdgen"
    },
    {
      "app": "vpps-qua"
    },
    {
      "app": "monitor"
    },
    {
      "app": "ipcserver"
    },
    {
      "app": "coauthor"
    },
    {
      "app": "sun-dr"
    },
    {
      "app": "smsp"
    },
    {
      "app": "acap"
    },
    {
      "app": "nqs"
    },
    {
      "app": "codaauth2"
    },
    {
      "app": "novadigm"
    },
    {
      "app": "clearcase"
    },
    {
      "app": "rsync"
    },
    {
      "app": "nxedit"
    },
    {
      "app": "qmqp"
    },
    {
      "app": "xdmcp"
    },
    {
      "app": "salesforce"
    },
    {
      "app": "ibm-db2"
    },
    {
      "app": "stuns"
    },
    {
      "app": "bluehost"
    },
    {
      "app": "backup-service"
    },
    {
      "app": "mindtouch"
    },
    {
      "app": "nextstep"
    },
    {
      "app": "outlook-web-service"
    },
    {
      "app": "lanserver"
    },
    {
      "app": "lotus-notes"
    },
    {
      "app": "msexch-routing"
    },
    {
      "app": "login"
    },
    {
      "app": "hello-port"
    },
    {
      "app": "exec"
    },
    {
      "app": "chargen"
    },
    {
      "app": "snmp"
    },
    {
      "app": "rmonitor"
    },
    {
      "app": "fcp"
    },
    {
      "app": "nmap"
    },
    {
      "app": "xns-ch"
    },
    {
      "app": "webex-app-sharing"
    },
    {
      "app": "dcp"
    },
    {
      "app": "sco-websrvrmg3"
    },
    {
      "app": "cisco-nmsp"
    },
    {
      "app": "corba-iiop-ssl"
    },
    {
      "app": "mongo"
    },
    {
      "app": "esro-gen"
    },
    {
      "app": "rje"
    },
    {
      "app": "ms-dynamics-crm-online"
    },
    {
      "app": "pkix-3-ca-ra"
    },
    {
      "app": "kpasswd"
    },
    {
      "app": "ni-mail"
    },
    {
      "app": "passgo"
    },
    {
      "app": "igmp"
    },
    {
      "app": "cmip-man"
    },
    {
      "app": "ulp"
    },
    {
      "app": "dhcp-failover"
    },
    {
      "app": "cisco-stealthwatch"
    },
    {
      "app": "cisco-rtmt"
    },
    {
      "app": "finger"
    },
    {
      "app": "quotad"
    },
    {
      "app": "ms-netlogon"
    },
    {
      "app": "ntp"
    },
    {
      "app": "alpes"
    },
    {
      "app": "chshell"
    },
    {
      "app": "sshell"
    },
    {
      "app": "basecamp"
    },
    {
      "app": "icmp"
    },
    {
      "app": "netviewdm3"
    },
    {
      "app": "orbix-loc-ssl"
    },
    {
      "app": "siebel-crm"
    },
    {
      "app": "imsp"
    },
    {
      "app": "cisco-nac"
    },
    {
      "app": "rlp"
    },
    {
      "app": "postgresql"
    },
    {
      "app": "utime"
    },
    {
      "app": "rdb-dbs-disp"
    },
    {
      "app": "netrjs-2"
    },
    {
      "app": "decauth"
    },
    {
      "app": "uucp"
    },
    {
      "app": "auth"
    },
    {
      "app": "tlisrv"
    },
    {
      "app": "ssl-local-net"
    },
    {
      "app": "password-chg"
    },
    {
      "app": "orbix-cfg-ssl"
    },
    {
      "app": "eudora-set"
    },
    {
      "app": "pkix-timestamp"
    },
    {
      "app": "smartpackets"
    },
    {
      "app": "oraclenet8cman"
    },
    {
      "app": "sgmp-traps"
    },
    {
      "app": "netbios-ssn"
    },
    {
      "app": "orbix-config"
    },
    {
      "app": "cisco-sys"
    },
    {
      "app": "xns-time"
    },
    {
      "app": "msft-gc-ssl"
    },
    {
      "app": "hp-alarm-mgr"
    },
    {
      "app": "dnsix"
    },
    {
      "app": "semantix"
    },
    {
      "app": "x-bone-ctl"
    },
    {
      "app": "netbios-dgm"
    },
    {
      "app": "ms-olap"
    },
    {
      "app": "adp"
    },
    {
      "app": "netsuite"
    },
    {
      "app": "sqlsrv"
    },
    {
      "app": "traceroute-linux"
    },
    {
      "app": "cisco-cmx"
    },
    {
      "app": "nsrmp"
    },
    {
      "app": "synotics-relay"
    },
    {
      "app": "csnet-ns"
    },
    {
      "app": "sugarcrm"
    },
    {
      "app": "cycleserv"
    },
    {
      "app": "secure-smtp"
    },
    {
      "app": "elcsd"
    },
    {
      "app": "share-point"
    },
    {
      "app": "netviewdm2"
    },
    {
      "app": "http-rpc-epmap"
    },
    {
      "app": "z39.50"
    },
    {
      "app": "dhcp"
    },
    {
      "app": "workday"
    },
    {
      "app": "keyserver"
    },
    {
      "app": "xns-mail"
    },
    {
      "app": "ms-rpc"
    },
    {
      "app": "cvc_hostd"
    },
    {
      "app": "klogin"
    },
    {
      "app": "iso-tsap"
    },
    {
      "app": "hdap"
    },
    {
      "app": "cisco-controller"
    },
    {
      "app": "agentx"
    },
    {
      "app": "ms-iis"
    },
    {
      "app": "ptp"
    },
    {
      "app": "sdnskmp"
    },
    {
      "app": "dwr"
    },
    {
      "app": "snare"
    },
    {
      "app": "syslog"
    },
    {
      "app": "netrjs-3"
    },
    {
      "app": "iperf"
    },
    {
      "app": "rmt"
    },
    {
      "app": "rrp"
    },
    {
      "app": "ndmp"
    },
    {
      "app": "sco-websrvrmgr"
    },
    {
      "app": "cryptoadmin"
    },
    {
      "app": "pearson"
    },
    {
      "app": "name"
    },
    {
      "app": "sap"
    },
    {
      "app": "hp-collector"
    },
    {
      "app": "ndsauth"
    },
    {
      "app": "td-replica"
    },
    {
      "app": "lockd"
    },
    {
      "app": "rtelnet"
    },
    {
      "app": "rsvp-encap-1"
    },
    {
      "app": "dn6-nlm-aud"
    },
    {
      "app": "http-mgmt"
    },
    {
      "app": "entrust-aaas"
    },
    {
      "app": "jira"
    },
    {
      "app": "secure-pop3"
    },
    {
      "app": "kerberos"
    },
    {
      "app": "acp"
    },
    {
      "app": "exchange"
    },
    {
      "app": "proxy-server"
    },
    {
      "app": "slack"
    },
    {
      "app": "ddm-rdb"
    },
    {
      "app": "locus-con"
    },
    {
      "app": "synotics-broker"
    },
    {
      "app": "ssh"
    },
    {
      "app": "orbix-locator"
    },
    {
      "app": "rsvp"
    },
    {
      "app": "oracle-ebsuite-unsecured"
    },
    {
      "app": "npmp-trap"
    },
    {
      "app": "perforce"
    },
    {
      "app": "systat"
    },
    {
      "app": "synergy"
    },
    {
      "app": "distcc"
    },
    {
      "app": "websense"
    },
    {
      "app": "asipregistry"
    },
    {
      "app": "whois++"
    },
    {
      "app": "netware-ip"
    },
    {
      "app": "cpq-wbem"
    },
    {
      "app": "photuris"
    },
    {
      "app": "ulistproc"
    },
    {
      "app": "iscsi"
    },
    {
      "app": "npmp-local"
    }
  ],
  "lastUpdated": 1654107667312,
  "owner": "admin",
  "readOnly": false,
  "version": "0",
  "infoTag": "",
  "referenceCount": 1,
  "references": [
    {
      "id": "9c54d0cf-6ed0-49bc-b0b2-85f9457fe302",
      "type": "data"
    }
  ],
  "activatedId": [
    "18200495-5b79-4dbe-bf2c-f42736ff8229"
  ],
  "isActivatedByVsmart": true
}