{
  "listId": "050965ad-422b-4bdc-be1a-d5f869930309",
  "name": "MSX-NET-CTRL-MGMT-3920ee",
  "type": "app",
  "description": "",
  "entries": [
    {
      "app": "rip"
    },
    {
      "app": "isakmp"
    },
    {
      "app": "olsr"
    },
    {
      "app": "ripng"
    },
    {
      "app": "gacp"
    },
    {
      "app": "aurp"
    },
    {
      "app": "egp"
    },
    {
      "app": "aol-messenger-audio"
    },
    {
      "app": "pim-rp-disc"
    },
    {
      "app": "ospf"
    },
    {
      "app": "igrp"
    },
    {
      "app": "aodv"
    },
    {
      "app": "cisco-sdwan-control"
    },
    {
      "app": "at-rtmp"
    },
    {
      "app": "eigrp"
    },
    {
      "app": "msdp"
    },
    {
      "app": "capwap-control"
    },
    {
      "app": "rrh"
    },
    {
      "app": "namp"
    },
    {
      "app": "pim"
    },
    {
      "app": "idrp"
    },
    {
      "app": "isis"
    },
    {
      "app": "sdrp"
    },
    {
      "app": "bgp"
    },
    {
      "app": "nss-routing"
    },
    {
      "app": "vrrp"
    },
    {
      "app": "pnni"
    },
    {
      "app": "cisco-meraki"
    },
    {
      "app": "mobileip-agent"
    },
    {
      "app": "cisco-fna"
    },
    {
      "app": "bgmp"
    },
    {
      "app": "idpr"
    },
    {
      "app": "ldp"
    },
    {
      "app": "cisco-tdp"
    }
  ],
  "lastUpdated": 1654107667422,
  "owner": "admin",
  "readOnly": false,
  "version": "0",
  "infoTag": "",
  "referenceCount": 1,
  "references": [
    {
      "id": "9c54d0cf-6ed0-49bc-b0b2-85f9457fe302",
      "type": "data"
    }
  ],
  "activatedId": [
    "18200495-5b79-4dbe-bf2c-f42736ff8229"
  ],
  "isActivatedByVsmart": true
}