{
  "listId": "730d5d77-4f23-4b1f-9139-ef026f834381",
  "name": "MSX-SCAVENGER-3920ee",
  "type": "app",
  "description": "",
  "entries": [
    {
      "app": "game-spy"
    },
    {
      "app": "doom"
    },
    {
      "app": "talk"
    },
    {
      "app": "the-atlantic"
    },
    {
      "app": "coupons-com"
    },
    {
      "app": "taringa"
    },
    {
      "app": "mlb-com"
    },
    {
      "app": "soulseek"
    },
    {
      "app": "torrentz"
    },
    {
      "app": "directplay"
    },
    {
      "app": "linkedin"
    },
    {
      "app": "stack-overflow"
    },
    {
      "app": "playstation-store"
    },
    {
      "app": "vimeo"
    },
    {
      "app": "hangouts-media"
    },
    {
      "app": "parsec-game"
    },
    {
      "app": "realmedia"
    },
    {
      "app": "rotten-tomatoes"
    },
    {
      "app": "tcpoverdns"
    },
    {
      "app": "imap-secure"
    },
    {
      "app": "winmx"
    },
    {
      "app": "evernote"
    },
    {
      "app": "espn-video"
    },
    {
      "app": "showmypc"
    },
    {
      "app": "oscar-filetransfer"
    },
    {
      "app": "wikia"
    },
    {
      "app": "buzzfeed"
    },
    {
      "app": "cnet"
    },
    {
      "app": "airbnb"
    },
    {
      "app": "qq-im"
    },
    {
      "app": "realtor-com"
    },
    {
      "app": "hangouts-audio"
    },
    {
      "app": "itunes-audio"
    },
    {
      "app": "viber"
    },
    {
      "app": "youtube"
    },
    {
      "app": "yahoo-accounts"
    },
    {
      "app": "atlassian"
    },
    {
      "app": "mecomm"
    },
    {
      "app": "htc-services"
    },
    {
      "app": "wired-com"
    },
    {
      "app": "github"
    },
    {
      "app": "pcanywhere"
    },
    {
      "app": "naver-line"
    },
    {
      "app": "the-daily-beast"
    },
    {
      "app": "hangouts"
    },
    {
      "app": "apple-pay"
    },
    {
      "app": "rakuten"
    },
    {
      "app": "retailmenot"
    },
    {
      "app": "audible-com"
    },
    {
      "app": "web-analytics"
    },
    {
      "app": "livestation"
    },
    {
      "app": "ntalk"
    },
    {
      "app": "WeTransfer"
    },
    {
      "app": "dht"
    },
    {
      "app": "hap"
    },
    {
      "app": "constant-contact-com"
    },
    {
      "app": "zattoo"
    },
    {
      "app": "feedly"
    },
    {
      "app": "songsari"
    },
    {
      "app": "twitter"
    },
    {
      "app": "independent-news"
    },
    {
      "app": "national-public-radio"
    },
    {
      "app": "internet-audio-streaming"
    },
    {
      "app": "aol-protocol"
    },
    {
      "app": "napster"
    },
    {
      "app": "fox-news"
    },
    {
      "app": "pocket"
    },
    {
      "app": "internet-video-streaming"
    },
    {
      "app": "disney-web-portal"
    },
    {
      "app": "sfgate"
    },
    {
      "app": "imdb"
    },
    {
      "app": "ventrilo"
    },
    {
      "app": "google-plus"
    },
    {
      "app": "soribada"
    },
    {
      "app": "instagram"
    },
    {
      "app": "people-web"
    },
    {
      "app": "bitbucket"
    },
    {
      "app": "kuro"
    },
    {
      "app": "manolito"
    },
    {
      "app": "web-rtc"
    },
    {
      "app": "nntp"
    },
    {
      "app": "abc-news"
    },
    {
      "app": "tesco"
    },
    {
      "app": "directplay8"
    },
    {
      "app": "tumblr"
    },
    {
      "app": "hubspot"
    },
    {
      "app": "goodreads"
    },
    {
      "app": "zulily"
    },
    {
      "app": "shoutcast"
    },
    {
      "app": "concur"
    },
    {
      "app": "tus-files"
    },
    {
      "app": "cnn"
    },
    {
      "app": "typepad"
    },
    {
      "app": "samsung"
    },
    {
      "app": "bbc"
    },
    {
      "app": "pptv"
    },
    {
      "app": "youku"
    },
    {
      "app": "verizon-wireless-web"
    },
    {
      "app": "irc"
    },
    {
      "app": "bing"
    },
    {
      "app": "ask-com"
    },
    {
      "app": "wechat"
    },
    {
      "app": "amazon-instant-video"
    },
    {
      "app": "share"
    },
    {
      "app": "the-pirate-bay"
    },
    {
      "app": "speedtest"
    },
    {
      "app": "secondlife"
    },
    {
      "app": "perfect-dark"
    },
    {
      "app": "gtalk"
    },
    {
      "app": "verizon-web-services"
    },
    {
      "app": "nbc-news"
    },
    {
      "app": "rdt"
    },
    {
      "app": "douyin-media"
    },
    {
      "app": "ancestry-com"
    },
    {
      "app": "waste"
    },
    {
      "app": "whatsapp"
    },
    {
      "app": "wells-fargo"
    },
    {
      "app": "bank-of-america"
    },
    {
      "app": "jingdong-360buy"
    },
    {
      "app": "european-union-portal"
    },
    {
      "app": "wunderground-com"
    },
    {
      "app": "ghostsurf"
    },
    {
      "app": "directv-soft"
    },
    {
      "app": "icloud"
    },
    {
      "app": "warriorforum"
    },
    {
      "app": "google-docs"
    },
    {
      "app": "bnet"
    },
    {
      "app": "facebook-audio"
    },
    {
      "app": "pando"
    },
    {
      "app": "wall-street-journal"
    },
    {
      "app": "call-of-duty"
    },
    {
      "app": "nhl-com"
    },
    {
      "app": "yandex"
    },
    {
      "app": "sky-news"
    },
    {
      "app": "shutterstock"
    },
    {
      "app": "douban"
    },
    {
      "app": "gotomypc"
    },
    {
      "app": "ameba"
    },
    {
      "app": "msn-messenger"
    },
    {
      "app": "okcupid"
    },
    {
      "app": "gotodevice"
    },
    {
      "app": "accuweather"
    },
    {
      "app": "directconnect"
    },
    {
      "app": "gmail"
    },
    {
      "app": "babelgum"
    },
    {
      "app": "winny"
    },
    {
      "app": "consumer-cloud-storage"
    },
    {
      "app": "blaze-news"
    },
    {
      "app": "ultrasurf"
    },
    {
      "app": "spotify"
    },
    {
      "app": "encrypted-bittorrent"
    },
    {
      "app": "trinoo"
    },
    {
      "app": "ny-daily-news"
    },
    {
      "app": "playstation-web-portal"
    },
    {
      "app": "hangouts-video"
    },
    {
      "app": "hollywood-reporter"
    },
    {
      "app": "tor"
    },
    {
      "app": "kakao-talk"
    },
    {
      "app": "weather-com"
    },
    {
      "app": "sourceforge"
    },
    {
      "app": "aweber"
    },
    {
      "app": "webmd"
    },
    {
      "app": "gtalk-ft"
    },
    {
      "app": "sopcast"
    },
    {
      "app": "nico-video"
    },
    {
      "app": "telepresence-audio"
    },
    {
      "app": "flashmyspace"
    },
    {
      "app": "engadget"
    },
    {
      "app": "webthunder"
    },
    {
      "app": "marketo"
    },
    {
      "app": "e-online"
    },
    {
      "app": "telepresence-media"
    },
    {
      "app": "qq-games"
    },
    {
      "app": "maplestory"
    },
    {
      "app": "nike"
    },
    {
      "app": "telepresence-control"
    },
    {
      "app": "megavideo"
    },
    {
      "app": "pandora"
    },
    {
      "app": "foursquare"
    },
    {
      "app": "xfire"
    },
    {
      "app": "ppstream"
    },
    {
      "app": "dropbox"
    },
    {
      "app": "itunes"
    },
    {
      "app": "apple-services"
    },
    {
      "app": "xbox-web-portal"
    },
    {
      "app": "craigslist"
    },
    {
      "app": "letv-com"
    },
    {
      "app": "yahoo"
    },
    {
      "app": "goboogy"
    },
    {
      "app": "yahoo-mail"
    },
    {
      "app": "monster-com"
    },
    {
      "app": "philips-vc"
    },
    {
      "app": "gizmodo"
    },
    {
      "app": "bleacher-report"
    },
    {
      "app": "pinterest"
    },
    {
      "app": "vkontakte"
    },
    {
      "app": "logmein"
    },
    {
      "app": "netshow"
    },
    {
      "app": "outbrain"
    },
    {
      "app": "hotmail"
    },
    {
      "app": "ansatrader"
    },
    {
      "app": "slickdeals"
    },
    {
      "app": "cooltalk"
    },
    {
      "app": "icq"
    },
    {
      "app": "msp"
    },
    {
      "app": "directv-catlg"
    },
    {
      "app": "bittorrent-networking"
    },
    {
      "app": "weather-gov-web-portal"
    },
    {
      "app": "blogger"
    },
    {
      "app": "spiegel-online"
    },
    {
      "app": "netflix"
    },
    {
      "app": "mail-ru"
    },
    {
      "app": "google-accounts"
    },
    {
      "app": "swagbucks"
    },
    {
      "app": "yahoo-messenger-video"
    },
    {
      "app": "sohu-com"
    },
    {
      "app": "ted"
    },
    {
      "app": "facebook"
    },
    {
      "app": "aol-messenger-ft"
    },
    {
      "app": "rtmpe"
    },
    {
      "app": "xinhuanet"
    },
    {
      "app": "edonkey"
    },
    {
      "app": "gbridge"
    },
    {
      "app": "xunlei"
    },
    {
      "app": "foodnetwork"
    },
    {
      "app": "Konspire2b"
    },
    {
      "app": "fring-voip"
    },
    {
      "app": "liveperson"
    },
    {
      "app": "appleqtc"
    },
    {
      "app": "gtalk-voip"
    },
    {
      "app": "gmx-mail"
    },
    {
      "app": "skype"
    },
    {
      "app": "gyao"
    },
    {
      "app": "fc2"
    },
    {
      "app": "mpeg2-ts"
    },
    {
      "app": "zendesk"
    },
    {
      "app": "daily-mail"
    },
    {
      "app": "bitcoin"
    },
    {
      "app": "indiatimes"
    },
    {
      "app": "rhapsody"
    },
    {
      "app": "bild-de"
    },
    {
      "app": "yahoo-voip-over-sip"
    },
    {
      "app": "addthis"
    },
    {
      "app": "weibo"
    },
    {
      "app": "time-news"
    },
    {
      "app": "hangouts-chat"
    },
    {
      "app": "hangouts-file-transfer"
    },
    {
      "app": "thechive"
    },
    {
      "app": "fasttrack-static"
    },
    {
      "app": "google-earth"
    },
    {
      "app": "keyholetv"
    },
    {
      "app": "whitepages"
    },
    {
      "app": "gnutella"
    },
    {
      "app": "telegraph"
    },
    {
      "app": "4chan"
    },
    {
      "app": "aol-messenger"
    },
    {
      "app": "blizwow"
    },
    {
      "app": "cbs-sports"
    },
    {
      "app": "institute-of-health"
    },
    {
      "app": "tomatopang"
    },
    {
      "app": "gree"
    },
    {
      "app": "conference"
    },
    {
      "app": "rtmp"
    },
    {
      "app": "trulia"
    },
    {
      "app": "yahoo-messenger"
    },
    {
      "app": "kakao-services"
    },
    {
      "app": "twitch-tv"
    },
    {
      "app": "streamwork"
    },
    {
      "app": "patch-com"
    },
    {
      "app": "etsy"
    },
    {
      "app": "ip-messenger"
    },
    {
      "app": "entertainment-weekly"
    },
    {
      "app": "badoo"
    },
    {
      "app": "qq-services"
    },
    {
      "app": "yellowpages-us"
    },
    {
      "app": "java-web-portal"
    },
    {
      "app": "skydrive"
    },
    {
      "app": "ehow-web-portal"
    },
    {
      "app": "wordreference-com"
    },
    {
      "app": "edonkey-static"
    },
    {
      "app": "flashyahoo"
    },
    {
      "app": "baidu-movie"
    },
    {
      "app": "snapchat"
    },
    {
      "app": "adweek"
    },
    {
      "app": "hootsuite"
    },
    {
      "app": "bittorrent"
    },
    {
      "app": "steam"
    },
    {
      "app": "secure-nntp"
    },
    {
      "app": "paypal"
    },
    {
      "app": "espn-browsing"
    },
    {
      "app": "tagged-com"
    },
    {
      "app": "bandcamp-com"
    },
    {
      "app": "cuseeme"
    },
    {
      "app": "att-web-services"
    },
    {
      "app": "filetopia"
    },
    {
      "app": "ares"
    },
    {
      "app": "capital-one"
    },
    {
      "app": "encrypted-emule"
    },
    {
      "app": "hulu"
    },
    {
      "app": "poco"
    },
    {
      "app": "buffer-com"
    },
    {
      "app": "msnp"
    },
    {
      "app": "flickr"
    },
    {
      "app": "directv-tick"
    },
    {
      "app": "tianya"
    },
    {
      "app": "livedoor"
    },
    {
      "app": "slate-magazine"
    },
    {
      "app": "facetime"
    },
    {
      "app": "silc"
    },
    {
      "app": "ebay"
    },
    {
      "app": "irc-serv"
    },
    {
      "app": "google-photos"
    },
    {
      "app": "aliwangwang"
    },
    {
      "app": "usa-today"
    },
    {
      "app": "thefreedictionary-com"
    },
    {
      "app": "yahoo-voip-messenger"
    },
    {
      "app": "xda-developers"
    },
    {
      "app": "gtalk-video"
    },
    {
      "app": "zippyshare"
    },
    {
      "app": "appleqtcsrvr"
    },
    {
      "app": "58-city"
    },
    {
      "app": "vdolive"
    },
    {
      "app": "qqlive"
    },
    {
      "app": "rtmpt"
    },
    {
      "app": "fring"
    },
    {
      "app": "douyin"
    },
    {
      "app": "nmsp"
    },
    {
      "app": "rediff-com"
    },
    {
      "app": "amazon"
    },
    {
      "app": "directv-web"
    },
    {
      "app": "mixi"
    },
    {
      "app": "xunlei-kankan"
    },
    {
      "app": "gtalk-chat"
    },
    {
      "app": "worldstarhiphop"
    },
    {
      "app": "msn-messenger-video"
    },
    {
      "app": "zillow"
    },
    {
      "app": "sling"
    },
    {
      "app": "nytimes"
    },
    {
      "app": "reuters"
    },
    {
      "app": "networking-gnutella"
    },
    {
      "app": "imgur"
    },
    {
      "app": "huffington-post"
    },
    {
      "app": "allrecipes"
    },
    {
      "app": "siri"
    },
    {
      "app": "facebook-media"
    },
    {
      "app": "tmz"
    },
    {
      "app": "ssdp"
    },
    {
      "app": "mtv"
    },
    {
      "app": "airplay"
    },
    {
      "app": "mashable"
    },
    {
      "app": "kali"
    },
    {
      "app": "akamai"
    },
    {
      "app": "washington-post"
    },
    {
      "app": "aol-messenger-video"
    },
    {
      "app": "adcash"
    },
    {
      "app": "fring-video"
    },
    {
      "app": "unite-airlines"
    },
    {
      "app": "msn-messenger-ft"
    },
    {
      "app": "backpage"
    },
    {
      "app": "tudou"
    },
    {
      "app": "uol"
    },
    {
      "app": "pch-com"
    },
    {
      "app": "teamspeak"
    },
    {
      "app": "facebook-video"
    },
    {
      "app": "cbs"
    }
  ],
  "lastUpdated": 1654107667179,
  "owner": "admin",
  "readOnly": false,
  "version": "0",
  "infoTag": "",
  "referenceCount": 1,
  "references": [
    {
      "id": "9c54d0cf-6ed0-49bc-b0b2-85f9457fe302",
      "type": "data"
    }
  ],
  "activatedId": [
    "18200495-5b79-4dbe-bf2c-f42736ff8229"
  ],
  "isActivatedByVsmart": true
}