{
  "listId": "c8633957-fb5c-4ef7-a628-b51a2c2a63c9",
  "name": "oracle_apps",
  "type": "app",
  "description": "SaaS App List for Oracle",
  "entries": [
    {
      "app": "oracle"
    },
    {
      "app": "oracle-bi"
    },
    {
      "app": "oracle-ebsuite-unsecured"
    },
    {
      "app": "oracle-sqlnet"
    },
    {
      "app": "oraclenames"
    },
    {
      "app": "oraclenet8cman"
    }
  ],
  "lastUpdated": 1652385130999,
  "owner": "system",
  "readOnly": true,
  "version": "3.1",
  "infoTag": "",
  "referenceCount": 0,
  "references": [],
  "isActivatedByVsmart": false
}