{
  "policyName": "MSX_Physical_vEdge_policy_queues",
  "policyDescription": "MSX defined Policy Queues to be configured on Physical vEdges",
  "policyType": "cli",
  "policyDefinition": "policy\nclass-map\n  class VOICE queue 0\n  class NET-CTRL-MGMT queue 1\n  class INTERACTIVE-VIDEO queue 2\n  class STREAMING-VIDEO queue 3\n  class CALL-SIGNALING queue 4\n  class BULK-DATA queue 5\n  class SCAVENGER queue 6\n  class DEFAULT queue 7\n!",
  "policyDefinitionEdit": "policy\nclass-map\n  class VOICE queue 0\n  class NET-CTRL-MGMT queue 1\n  class INTERACTIVE-VIDEO queue 2\n  class STREAMING-VIDEO queue 3\n  class CALL-SIGNALING queue 4\n  class BULK-DATA queue 5\n  class SCAVENGER queue 6\n  class DEFAULT queue 7\n!"
}